"../../../Engine/Plugins/Animation/ACLPlugin/Content/ACLAnimBoneCompressionSettings.uasset" 0
"../../../Engine/Plugins/Animation/ACLPlugin/Content/ACLAnimBoneCompressionSettings.uexp" 1
"../../../Engine/Plugins/2D/Paper2D/Content/PlaceholderTextures/DummySpriteTexture.ubulk" 2
"../../../Engine/Plugins/2D/Paper2D/Content/PlaceholderTextures/DummySpriteTexture.uasset" 3
"../../../Engine/Plugins/2D/Paper2D/Content/PlaceholderTextures/DummySpriteTexture.uexp" 4
"../../../Engine/Plugins/2D/Paper2D/Content/DummySprite.uasset" 5
"../../../Engine/Plugins/2D/Paper2D/Content/DummySprite.uexp" 6
"../../../Engine/Plugins/2D/Paper2D/Content/DefaultPaperTerrainMaterial.uasset" 7
"../../../Engine/Plugins/2D/Paper2D/Content/DefaultPaperTerrainMaterial.uexp" 8
"../../../Engine/Plugins/Interchange/Runtime/Content/Pipelines/DefaultTexturePipeline.uasset" 9
"../../../Engine/Plugins/Interchange/Runtime/Content/Pipelines/DefaultTexturePipeline.uexp" 10
"../../../Engine/Plugins/Interchange/Runtime/Content/Pipelines/DefaultSceneLevelPipeline.uasset" 11
"../../../Engine/Plugins/Interchange/Runtime/Content/Pipelines/DefaultSceneLevelPipeline.uexp" 12
"../../../Engine/Plugins/Interchange/Runtime/Content/Pipelines/DefaultSceneAssetsPipeline.uasset" 13
"../../../Engine/Plugins/Interchange/Runtime/Content/Pipelines/DefaultSceneAssetsPipeline.uexp" 14
"../../../Engine/Plugins/Interchange/Runtime/Content/Pipelines/DefaultMaterialXPipeline.uasset" 15
"../../../Engine/Plugins/Interchange/Runtime/Content/Pipelines/DefaultMaterialXPipeline.uexp" 16
"../../../Engine/Plugins/Interchange/Runtime/Content/Pipelines/DefaultMaterialPipeline.uasset" 17
"../../../Engine/Plugins/Interchange/Runtime/Content/Pipelines/DefaultMaterialPipeline.uexp" 18
"../../../Engine/Plugins/Interchange/Runtime/Content/Pipelines/DefaultGLTFSceneAssetsPipeline.uasset" 19
"../../../Engine/Plugins/Interchange/Runtime/Content/Pipelines/DefaultGLTFSceneAssetsPipeline.uexp" 20
"../../../Engine/Plugins/Interchange/Runtime/Content/Pipelines/DefaultGLTFPipeline.uasset" 21
"../../../Engine/Plugins/Interchange/Runtime/Content/Pipelines/DefaultGLTFPipeline.uexp" 22
"../../../Engine/Plugins/Interchange/Runtime/Content/Pipelines/DefaultGLTFAssetsPipeline.uasset" 23
"../../../Engine/Plugins/Interchange/Runtime/Content/Pipelines/DefaultGLTFAssetsPipeline.uexp" 24
"../../../Engine/Plugins/Interchange/Runtime/Content/Pipelines/DefaultAssetsPipeline.uasset" 25
"../../../Engine/Plugins/Interchange/Runtime/Content/Pipelines/DefaultAssetsPipeline.uexp" 26
"../../../Engine/Content/EngineSounds/Master.uasset" 27
"../../../Engine/Content/EngineSounds/Master.uexp" 28
"../../../Engine/Content/EngineMaterials/DefaultDestructiblePhysicalMaterial.uasset" 29
"../../../Engine/Content/EngineMaterials/DefaultDestructiblePhysicalMaterial.uexp" 30
"../../../Engine/Content/EngineFonts/Faces/DroidSansFallback.uexp" 31
"../../../Engine/Content/EngineFonts/Faces/DroidSansFallback.uasset" 32
"../../../Engine/Content/EngineFonts/Faces/DroidSansFallback.ufont" 33
"../../../Engine/Content/EngineFonts/Faces/RobotoBoldItalic.uexp" 34
"../../../Engine/Content/EngineFonts/Faces/RobotoBoldItalic.uasset" 35
"../../../Engine/Content/EngineFonts/Faces/RobotoBoldItalic.ufont" 36
"../../../Engine/Content/EngineFonts/Faces/RobotoLight.uexp" 37
"../../../Engine/Content/EngineFonts/Faces/RobotoLight.uasset" 38
"../../../Engine/Content/EngineFonts/Faces/RobotoLight.ufont" 39
"../../../Engine/Content/EngineFonts/Faces/RobotoRegular.uexp" 40
"../../../Engine/Content/EngineFonts/Faces/RobotoRegular.uasset" 41
"../../../Engine/Content/EngineFonts/Faces/RobotoRegular.ufont" 42
"../../../Engine/Content/EngineFonts/Faces/RobotoItalic.uexp" 43
"../../../Engine/Content/EngineFonts/Faces/RobotoItalic.uasset" 44
"../../../Engine/Content/EngineFonts/Faces/RobotoItalic.ufont" 45
"../../../Engine/Content/EngineFonts/Faces/RobotoBold.uexp" 46
"../../../Engine/Content/EngineFonts/Faces/RobotoBold.uasset" 47
"../../../Engine/Content/EngineFonts/Faces/RobotoBold.ufont" 48
"../../../Engine/Content/EngineFonts/Roboto.uasset" 49
"../../../Engine/Content/EngineFonts/Roboto.uexp" 50
"../../../Engine/Content/EngineFonts/Faces/DroidSansMono.uexp" 51
"../../../Engine/Content/EngineFonts/Faces/DroidSansMono.uasset" 52
"../../../Engine/Content/EngineFonts/Faces/DroidSansMono.ufont" 53
"../../../Engine/Content/EngineFonts/DroidSansMono.uasset" 54
"../../../Engine/Content/EngineFonts/DroidSansMono.uexp" 55
"../../../Engine/Content/MobileResources/HUD/VirtualJoystick_Thumb.uasset" 56
"../../../Engine/Content/MobileResources/HUD/VirtualJoystick_Thumb.uexp" 57
"../../../Engine/Content/MobileResources/HUD/VirtualJoystick_Background.uasset" 58
"../../../Engine/Content/MobileResources/HUD/VirtualJoystick_Background.uexp" 59
"../../../Engine/Content/MobileResources/HUD/DefaultVirtualJoysticks.uasset" 60
"../../../Engine/Content/MobileResources/HUD/DefaultVirtualJoysticks.uexp" 61
"../../../Engine/Content/EngineResources/GradientTexture0.uasset" 62
"../../../Engine/Content/EngineResources/GradientTexture0.uexp" 63
"../../../Engine/Content/EngineResources/Black.uasset" 64
"../../../Engine/Content/EngineResources/Black.uexp" 65
"../../../Engine/Content/EditorResources/S_Actor.ubulk" 66
"../../../Engine/Content/EditorResources/S_Actor.uasset" 67
"../../../Engine/Content/EditorResources/S_Actor.uexp" 68
"../../../Engine/Plugins/NNE/NNEDenoiser/Content/NNEDTOM_Output_Default.uasset" 69
"../../../Engine/Plugins/NNE/NNEDenoiser/Content/NNEDTOM_Output_Default.uexp" 70
"../../../Engine/Plugins/NNE/NNEDenoiser/Content/NNEDTOM_Output_Alpha.uasset" 71
"../../../Engine/Plugins/NNE/NNEDenoiser/Content/NNEDTOM_Output_Alpha.uexp" 72
"../../../Engine/Plugins/NNE/NNEDenoiser/Content/NNEDTIM_ColorAlbedoNormal_Default.uasset" 73
"../../../Engine/Plugins/NNE/NNEDenoiser/Content/NNEDTIM_ColorAlbedoNormal_Default.uexp" 74
"../../../Engine/Plugins/NNE/NNEDenoiser/Content/NNEDTIM_ColorAlbedoNormal_Alpha.uasset" 75
"../../../Engine/Plugins/NNE/NNEDenoiser/Content/NNEDTIM_ColorAlbedoNormal_Alpha.uexp" 76
"../../../Engine/Plugins/NNE/NNEDenoiser/Content/NNEDOM_Output_Default.uasset" 77
"../../../Engine/Plugins/NNE/NNEDenoiser/Content/NNEDOM_Output_Default.uexp" 78
"../../../Engine/Plugins/NNE/NNEDenoiser/Content/NNEDOM_Output_Alpha.uasset" 79
"../../../Engine/Plugins/NNE/NNEDenoiser/Content/NNEDOM_Output_Alpha.uexp" 80
"../../../Engine/Plugins/NNE/NNEDenoiser/Content/NNEDIM_HighQuality_Default.uasset" 81
"../../../Engine/Plugins/NNE/NNEDenoiser/Content/NNEDIM_HighQuality_Default.uexp" 82
"../../../Engine/Plugins/NNE/NNEDenoiser/Content/NNEDIM_HighQuality_Alpha.uasset" 83
"../../../Engine/Plugins/NNE/NNEDenoiser/Content/NNEDIM_HighQuality_Alpha.uexp" 84
"../../../Engine/Plugins/NNE/NNEDenoiser/Content/NNEDIM_ColorAlbedoNormal_Default.uasset" 85
"../../../Engine/Plugins/NNE/NNEDenoiser/Content/NNEDIM_ColorAlbedoNormal_Default.uexp" 86
"../../../Engine/Plugins/NNE/NNEDenoiser/Content/NNEDIM_ColorAlbedoNormal_Alpha.uasset" 87
"../../../Engine/Plugins/NNE/NNEDenoiser/Content/NNEDIM_ColorAlbedoNormal_Alpha.uexp" 88
"../../../Engine/Content/Functions/Engine_MaterialFunctions02/WorldPositionOffset/CameraOffset.uasset" 89
"../../../Engine/Content/Functions/Engine_MaterialFunctions02/WorldPositionOffset/CameraOffset.uexp" 90
"../../../Engine/Plugins/Animation/ControlRig/Content/M_Manip.uasset" 91
"../../../Engine/Plugins/Animation/ControlRig/Content/M_Manip.uexp" 92
"../../../Engine/Content/EngineMaterials/T_Default_Material_Grid_M.ubulk" 93
"../../../Engine/Content/EngineMaterials/T_Default_Material_Grid_M.uasset" 94
"../../../Engine/Content/EngineMaterials/T_Default_Material_Grid_M.uexp" 95
"../../../Engine/Content/EngineMaterials/T_Default_Material_Grid_N.ubulk" 96
"../../../Engine/Content/EngineMaterials/T_Default_Material_Grid_N.uasset" 97
"../../../Engine/Content/EngineMaterials/T_Default_Material_Grid_N.uexp" 98
"../../../Engine/Content/Functions/Engine_MaterialFunctions01/Opacity/CameraDepthFade.uasset" 99
"../../../Engine/Content/Functions/Engine_MaterialFunctions01/Opacity/CameraDepthFade.uexp" 100
"../../../Engine/Content/EngineMaterials/WorldGridMaterial.uasset" 101
"../../../Engine/Content/EngineMaterials/WorldGridMaterial.uexp" 102
"../../../Engine/Content/BasicShapes/Cube.ubulk" 103
"../../../Engine/Content/BasicShapes/Cube.uasset" 104
"../../../Engine/Content/BasicShapes/Cube.uexp" 105
"../../../Engine/Content/BasicShapes/BasicShapeMaterial.uasset" 106
"../../../Engine/Content/BasicShapes/BasicShapeMaterial.uexp" 107
"C:/Users/keega/OneDrive/Desktop/GitHub/ChungusInteractive/SandsOfSet/Content/SavePointSystem/BP_Emery.uasset" 108
"C:/Users/keega/OneDrive/Desktop/GitHub/ChungusInteractive/SandsOfSet/Content/SavePointSystem/BP_Emery.uexp" 109
"C:/Users/keega/OneDrive/Desktop/GitHub/ChungusInteractive/SandsOfSet/Content/Materials/NewMaterial.uasset" 110
"C:/Users/keega/OneDrive/Desktop/GitHub/ChungusInteractive/SandsOfSet/Content/Materials/NewMaterial.uexp" 111
"C:/Users/keega/OneDrive/Desktop/GitHub/ChungusInteractive/SandsOfSet/Content/UI/W_HUD.uasset" 112
"C:/Users/keega/OneDrive/Desktop/GitHub/ChungusInteractive/SandsOfSet/Content/UI/W_HUD.uexp" 113
"C:/Users/keega/OneDrive/Desktop/GitHub/ChungusInteractive/SandsOfSet/Content/BPI_Interactable.uasset" 114
"C:/Users/keega/OneDrive/Desktop/GitHub/ChungusInteractive/SandsOfSet/Content/BPI_Interactable.uexp" 115
"C:/Users/keega/OneDrive/Desktop/GitHub/ChungusInteractive/SandsOfSet/Content/Actors/BP_TrueSight_Platform.uasset" 116
"C:/Users/keega/OneDrive/Desktop/GitHub/ChungusInteractive/SandsOfSet/Content/Actors/BP_TrueSight_Platform.uexp" 117
"C:/Users/keega/OneDrive/Desktop/GitHub/ChungusInteractive/SandsOfSet/Content/UI/W_Pause.uasset" 118
"C:/Users/keega/OneDrive/Desktop/GitHub/ChungusInteractive/SandsOfSet/Content/UI/W_Pause.uexp" 119
"C:/Users/keega/OneDrive/Desktop/GitHub/ChungusInteractive/SandsOfSet/Content/UI/Note/BPI_Note.uasset" 120
"C:/Users/keega/OneDrive/Desktop/GitHub/ChungusInteractive/SandsOfSet/Content/UI/Note/BPI_Note.uexp" 121
"C:/Users/keega/OneDrive/Desktop/GitHub/ChungusInteractive/SandsOfSet/Content/Input/Actions/IA_Jump.uasset" 122
"C:/Users/keega/OneDrive/Desktop/GitHub/ChungusInteractive/SandsOfSet/Content/Input/Actions/IA_Jump.uexp" 123
"C:/Users/keega/OneDrive/Desktop/GitHub/ChungusInteractive/SandsOfSet/Content/Input/Actions/IA_Move.uasset" 124
"C:/Users/keega/OneDrive/Desktop/GitHub/ChungusInteractive/SandsOfSet/Content/Input/Actions/IA_Move.uexp" 125
"C:/Users/keega/OneDrive/Desktop/GitHub/ChungusInteractive/SandsOfSet/Content/Input/Actions/IA_Dash.uasset" 126
"C:/Users/keega/OneDrive/Desktop/GitHub/ChungusInteractive/SandsOfSet/Content/Input/Actions/IA_Dash.uexp" 127
"C:/Users/keega/OneDrive/Desktop/GitHub/ChungusInteractive/SandsOfSet/Content/Input/Actions/IA_TrueSight.uasset" 128
"C:/Users/keega/OneDrive/Desktop/GitHub/ChungusInteractive/SandsOfSet/Content/Input/Actions/IA_TrueSight.uexp" 129
"C:/Users/keega/OneDrive/Desktop/GitHub/ChungusInteractive/SandsOfSet/Content/Input/Touch/BPI_TouchInterface.uasset" 130
"C:/Users/keega/OneDrive/Desktop/GitHub/ChungusInteractive/SandsOfSet/Content/Input/Touch/BPI_TouchInterface.uexp" 131
"C:/Users/keega/OneDrive/Desktop/GitHub/ChungusInteractive/SandsOfSet/Content/SavePointSystem/SaveGameObject.uasset" 132
"C:/Users/keega/OneDrive/Desktop/GitHub/ChungusInteractive/SandsOfSet/Content/SavePointSystem/SaveGameObject.uexp" 133
"C:/Users/keega/OneDrive/Desktop/GitHub/ChungusInteractive/SandsOfSet/Content/Input/Actions/IA_Pause.uasset" 134
"C:/Users/keega/OneDrive/Desktop/GitHub/ChungusInteractive/SandsOfSet/Content/Input/Actions/IA_Pause.uexp" 135
"C:/Users/keega/OneDrive/Desktop/GitHub/ChungusInteractive/SandsOfSet/Content/MainChar/as_MultiDirectionWalk.uasset" 136
"C:/Users/keega/OneDrive/Desktop/GitHub/ChungusInteractive/SandsOfSet/Content/MainChar/as_MultiDirectionWalk.uexp" 137
"../../../Engine/Plugins/2D/Paper2D/Content/DefaultSpriteMaterial.uasset" 138
"../../../Engine/Plugins/2D/Paper2D/Content/DefaultSpriteMaterial.uexp" 139
"../../../Engine/Plugins/2D/Paper2D/Content/TranslucentUnlitSpriteMaterial.uasset" 140
"../../../Engine/Plugins/2D/Paper2D/Content/TranslucentUnlitSpriteMaterial.uexp" 141
"C:/Users/keega/OneDrive/Desktop/GitHub/ChungusInteractive/SandsOfSet/Content/MainChar/WalkTextures/AnimSprites/Frame_1-removebg-preview.uasset" 142
"C:/Users/keega/OneDrive/Desktop/GitHub/ChungusInteractive/SandsOfSet/Content/MainChar/WalkTextures/AnimSprites/Frame_1-removebg-preview.uexp" 143
"C:/Users/keega/OneDrive/Desktop/GitHub/ChungusInteractive/SandsOfSet/Content/MainChar/WalkTextures/AnimSprites/Frame_1-removebg-preview_Walk_Forward-Back_6.uasset" 144
"C:/Users/keega/OneDrive/Desktop/GitHub/ChungusInteractive/SandsOfSet/Content/MainChar/WalkTextures/AnimSprites/Frame_1-removebg-preview_Walk_Forward-Back_6.uexp" 145
"C:/Users/keega/OneDrive/Desktop/GitHub/ChungusInteractive/SandsOfSet/Content/MainChar/WalkTextures/AnimSprites/Frame_1-removebg-preview_Walk_Forward-Back_7.uasset" 146
"C:/Users/keega/OneDrive/Desktop/GitHub/ChungusInteractive/SandsOfSet/Content/MainChar/WalkTextures/AnimSprites/Frame_1-removebg-preview_Walk_Forward-Back_7.uexp" 147
"C:/Users/keega/OneDrive/Desktop/GitHub/ChungusInteractive/SandsOfSet/Content/MainChar/WalkTextures/AnimSprites/Frame_1-removebg-preview_Walk_Forward-Back_8.uasset" 148
"C:/Users/keega/OneDrive/Desktop/GitHub/ChungusInteractive/SandsOfSet/Content/MainChar/WalkTextures/AnimSprites/Frame_1-removebg-preview_Walk_Forward-Back_8.uexp" 149
"C:/Users/keega/OneDrive/Desktop/GitHub/ChungusInteractive/SandsOfSet/Content/MainChar/WalkTextures/AnimSprites/Frame_1-removebg-preview_Walk_Forward-Back_9.uasset" 150
"C:/Users/keega/OneDrive/Desktop/GitHub/ChungusInteractive/SandsOfSet/Content/MainChar/WalkTextures/AnimSprites/Frame_1-removebg-preview_Walk_Forward-Back_9.uexp" 151
"C:/Users/keega/OneDrive/Desktop/GitHub/ChungusInteractive/SandsOfSet/Content/MainChar/WalkTextures/fb_Down.uasset" 152
"C:/Users/keega/OneDrive/Desktop/GitHub/ChungusInteractive/SandsOfSet/Content/MainChar/WalkTextures/fb_Down.uexp" 153
"C:/Users/keega/OneDrive/Desktop/GitHub/ChungusInteractive/SandsOfSet/Content/MainChar/WalkTextures/AnimSprites/Frame_4-removebg-preview.uasset" 154
"C:/Users/keega/OneDrive/Desktop/GitHub/ChungusInteractive/SandsOfSet/Content/MainChar/WalkTextures/AnimSprites/Frame_4-removebg-preview.uexp" 155
"C:/Users/keega/OneDrive/Desktop/GitHub/ChungusInteractive/SandsOfSet/Content/MainChar/WalkTextures/AnimSprites/Frame_4-removebg-preview_WalkeFront_Forward-Back_0.uasset" 156
"C:/Users/keega/OneDrive/Desktop/GitHub/ChungusInteractive/SandsOfSet/Content/MainChar/WalkTextures/AnimSprites/Frame_4-removebg-preview_WalkeFront_Forward-Back_0.uexp" 157
"C:/Users/keega/OneDrive/Desktop/GitHub/ChungusInteractive/SandsOfSet/Content/MainChar/WalkTextures/AnimSprites/Frame_4-removebg-preview_WalkeFront_Forward-Back_1.uasset" 158
"C:/Users/keega/OneDrive/Desktop/GitHub/ChungusInteractive/SandsOfSet/Content/MainChar/WalkTextures/AnimSprites/Frame_4-removebg-preview_WalkeFront_Forward-Back_1.uexp" 159
"C:/Users/keega/OneDrive/Desktop/GitHub/ChungusInteractive/SandsOfSet/Content/MainChar/WalkTextures/AnimSprites/Frame_4-removebg-preview_WalkeFront_Forward-Back_2.uasset" 160
"C:/Users/keega/OneDrive/Desktop/GitHub/ChungusInteractive/SandsOfSet/Content/MainChar/WalkTextures/AnimSprites/Frame_4-removebg-preview_WalkeFront_Forward-Back_2.uexp" 161
"C:/Users/keega/OneDrive/Desktop/GitHub/ChungusInteractive/SandsOfSet/Content/MainChar/WalkTextures/AnimSprites/Frame_4-removebg-preview_WalkeFront_Forward-Back_3.uasset" 162
"C:/Users/keega/OneDrive/Desktop/GitHub/ChungusInteractive/SandsOfSet/Content/MainChar/WalkTextures/AnimSprites/Frame_4-removebg-preview_WalkeFront_Forward-Back_3.uexp" 163
"C:/Users/keega/OneDrive/Desktop/GitHub/ChungusInteractive/SandsOfSet/Content/MainChar/WalkTextures/AnimSprites/Frame_4-removebg-preview_WalkeFront_Forward-Back_4.uasset" 164
"C:/Users/keega/OneDrive/Desktop/GitHub/ChungusInteractive/SandsOfSet/Content/MainChar/WalkTextures/AnimSprites/Frame_4-removebg-preview_WalkeFront_Forward-Back_4.uexp" 165
"C:/Users/keega/OneDrive/Desktop/GitHub/ChungusInteractive/SandsOfSet/Content/MainChar/WalkTextures/AnimSprites/Frame_4-removebg-preview_WalkeFront_Forward-Back_5.uasset" 166
"C:/Users/keega/OneDrive/Desktop/GitHub/ChungusInteractive/SandsOfSet/Content/MainChar/WalkTextures/AnimSprites/Frame_4-removebg-preview_WalkeFront_Forward-Back_5.uexp" 167
"C:/Users/keega/OneDrive/Desktop/GitHub/ChungusInteractive/SandsOfSet/Content/MainChar/WalkTextures/fb_DownLeft.uasset" 168
"C:/Users/keega/OneDrive/Desktop/GitHub/ChungusInteractive/SandsOfSet/Content/MainChar/WalkTextures/fb_DownLeft.uexp" 169
"C:/Users/keega/OneDrive/Desktop/GitHub/ChungusInteractive/SandsOfSet/Content/MainChar/WalkTextures/AnimSprites/Frame_4-removebg-preview_WalkeFront_Forward-Back_6.uasset" 170
"C:/Users/keega/OneDrive/Desktop/GitHub/ChungusInteractive/SandsOfSet/Content/MainChar/WalkTextures/AnimSprites/Frame_4-removebg-preview_WalkeFront_Forward-Back_6.uexp" 171
"C:/Users/keega/OneDrive/Desktop/GitHub/ChungusInteractive/SandsOfSet/Content/MainChar/WalkTextures/AnimSprites/Frame_4-removebg-preview_WalkeFront_Forward-Back_7.uasset" 172
"C:/Users/keega/OneDrive/Desktop/GitHub/ChungusInteractive/SandsOfSet/Content/MainChar/WalkTextures/AnimSprites/Frame_4-removebg-preview_WalkeFront_Forward-Back_7.uexp" 173
"C:/Users/keega/OneDrive/Desktop/GitHub/ChungusInteractive/SandsOfSet/Content/MainChar/WalkTextures/AnimSprites/Frame_4-removebg-preview_WalkeFront_Forward-Back_8.uasset" 174
"C:/Users/keega/OneDrive/Desktop/GitHub/ChungusInteractive/SandsOfSet/Content/MainChar/WalkTextures/AnimSprites/Frame_4-removebg-preview_WalkeFront_Forward-Back_8.uexp" 175
"C:/Users/keega/OneDrive/Desktop/GitHub/ChungusInteractive/SandsOfSet/Content/MainChar/WalkTextures/AnimSprites/Frame_4-removebg-preview_WalkeFront_Forward-Back_10.uasset" 176
"C:/Users/keega/OneDrive/Desktop/GitHub/ChungusInteractive/SandsOfSet/Content/MainChar/WalkTextures/AnimSprites/Frame_4-removebg-preview_WalkeFront_Forward-Back_10.uexp" 177
"C:/Users/keega/OneDrive/Desktop/GitHub/ChungusInteractive/SandsOfSet/Content/MainChar/WalkTextures/AnimSprites/Frame_4-removebg-preview_WalkeFront_Forward-Back_11.uasset" 178
"C:/Users/keega/OneDrive/Desktop/GitHub/ChungusInteractive/SandsOfSet/Content/MainChar/WalkTextures/AnimSprites/Frame_4-removebg-preview_WalkeFront_Forward-Back_11.uexp" 179
"C:/Users/keega/OneDrive/Desktop/GitHub/ChungusInteractive/SandsOfSet/Content/MainChar/WalkTextures/AnimSprites/Frame_4-removebg-preview_WalkeFront_Forward-Back_12.uasset" 180
"C:/Users/keega/OneDrive/Desktop/GitHub/ChungusInteractive/SandsOfSet/Content/MainChar/WalkTextures/AnimSprites/Frame_4-removebg-preview_WalkeFront_Forward-Back_12.uexp" 181
"C:/Users/keega/OneDrive/Desktop/GitHub/ChungusInteractive/SandsOfSet/Content/MainChar/WalkTextures/fb_DownRight.uasset" 182
"C:/Users/keega/OneDrive/Desktop/GitHub/ChungusInteractive/SandsOfSet/Content/MainChar/WalkTextures/fb_DownRight.uexp" 183
"C:/Users/keega/OneDrive/Desktop/GitHub/ChungusInteractive/SandsOfSet/Content/MainChar/WalkTextures/AnimSprites/Frame_1-removebg-preview_Walk_Forward-Back_1.uasset" 184
"C:/Users/keega/OneDrive/Desktop/GitHub/ChungusInteractive/SandsOfSet/Content/MainChar/WalkTextures/AnimSprites/Frame_1-removebg-preview_Walk_Forward-Back_1.uexp" 185
"C:/Users/keega/OneDrive/Desktop/GitHub/ChungusInteractive/SandsOfSet/Content/MainChar/WalkTextures/AnimSprites/Frame_1-removebg-preview_Walk_Forward-Back_2.uasset" 186
"C:/Users/keega/OneDrive/Desktop/GitHub/ChungusInteractive/SandsOfSet/Content/MainChar/WalkTextures/AnimSprites/Frame_1-removebg-preview_Walk_Forward-Back_2.uexp" 187
"C:/Users/keega/OneDrive/Desktop/GitHub/ChungusInteractive/SandsOfSet/Content/MainChar/WalkTextures/AnimSprites/Frame_1-removebg-preview_Walk_Forward-Back_3.uasset" 188
"C:/Users/keega/OneDrive/Desktop/GitHub/ChungusInteractive/SandsOfSet/Content/MainChar/WalkTextures/AnimSprites/Frame_1-removebg-preview_Walk_Forward-Back_3.uexp" 189
"C:/Users/keega/OneDrive/Desktop/GitHub/ChungusInteractive/SandsOfSet/Content/MainChar/WalkTextures/AnimSprites/Frame_1-removebg-preview_Walk_Forward-Back_4.uasset" 190
"C:/Users/keega/OneDrive/Desktop/GitHub/ChungusInteractive/SandsOfSet/Content/MainChar/WalkTextures/AnimSprites/Frame_1-removebg-preview_Walk_Forward-Back_4.uexp" 191
"C:/Users/keega/OneDrive/Desktop/GitHub/ChungusInteractive/SandsOfSet/Content/MainChar/WalkTextures/fb_Up.uasset" 192
"C:/Users/keega/OneDrive/Desktop/GitHub/ChungusInteractive/SandsOfSet/Content/MainChar/WalkTextures/fb_Up.uexp" 193
"C:/Users/keega/OneDrive/Desktop/GitHub/ChungusInteractive/SandsOfSet/Content/MainChar/WalkTextures/AnimSprites/Frame_2-removebg-preview.uasset" 194
"C:/Users/keega/OneDrive/Desktop/GitHub/ChungusInteractive/SandsOfSet/Content/MainChar/WalkTextures/AnimSprites/Frame_2-removebg-preview.uexp" 195
"C:/Users/keega/OneDrive/Desktop/GitHub/ChungusInteractive/SandsOfSet/Content/MainChar/WalkTextures/AnimSprites/Frame_2-removebg-preview_Walk_Left-Right_0.uasset" 196
"C:/Users/keega/OneDrive/Desktop/GitHub/ChungusInteractive/SandsOfSet/Content/MainChar/WalkTextures/AnimSprites/Frame_2-removebg-preview_Walk_Left-Right_0.uexp" 197
"C:/Users/keega/OneDrive/Desktop/GitHub/ChungusInteractive/SandsOfSet/Content/MainChar/WalkTextures/AnimSprites/Frame_2-removebg-preview_Walk_Left-Right_1.uasset" 198
"C:/Users/keega/OneDrive/Desktop/GitHub/ChungusInteractive/SandsOfSet/Content/MainChar/WalkTextures/AnimSprites/Frame_2-removebg-preview_Walk_Left-Right_1.uexp" 199
"C:/Users/keega/OneDrive/Desktop/GitHub/ChungusInteractive/SandsOfSet/Content/MainChar/WalkTextures/AnimSprites/Frame_2-removebg-preview_Walk_Left-Right_2.uasset" 200
"C:/Users/keega/OneDrive/Desktop/GitHub/ChungusInteractive/SandsOfSet/Content/MainChar/WalkTextures/AnimSprites/Frame_2-removebg-preview_Walk_Left-Right_2.uexp" 201
"C:/Users/keega/OneDrive/Desktop/GitHub/ChungusInteractive/SandsOfSet/Content/MainChar/WalkTextures/AnimSprites/Frame_2-removebg-preview_Walk_Left-Right_3.uasset" 202
"C:/Users/keega/OneDrive/Desktop/GitHub/ChungusInteractive/SandsOfSet/Content/MainChar/WalkTextures/AnimSprites/Frame_2-removebg-preview_Walk_Left-Right_3.uexp" 203
"C:/Users/keega/OneDrive/Desktop/GitHub/ChungusInteractive/SandsOfSet/Content/MainChar/WalkTextures/AnimSprites/Frame_2-removebg-preview_Walk_Left-Right_4.uasset" 204
"C:/Users/keega/OneDrive/Desktop/GitHub/ChungusInteractive/SandsOfSet/Content/MainChar/WalkTextures/AnimSprites/Frame_2-removebg-preview_Walk_Left-Right_4.uexp" 205
"C:/Users/keega/OneDrive/Desktop/GitHub/ChungusInteractive/SandsOfSet/Content/MainChar/WalkTextures/fb_UpLeft.uasset" 206
"C:/Users/keega/OneDrive/Desktop/GitHub/ChungusInteractive/SandsOfSet/Content/MainChar/WalkTextures/fb_UpLeft.uexp" 207
"C:/Users/keega/OneDrive/Desktop/GitHub/ChungusInteractive/SandsOfSet/Content/MainChar/WalkTextures/AnimSprites/Frame_2-removebg-preview_Walk_Left-Right_5.uasset" 208
"C:/Users/keega/OneDrive/Desktop/GitHub/ChungusInteractive/SandsOfSet/Content/MainChar/WalkTextures/AnimSprites/Frame_2-removebg-preview_Walk_Left-Right_5.uexp" 209
"C:/Users/keega/OneDrive/Desktop/GitHub/ChungusInteractive/SandsOfSet/Content/MainChar/WalkTextures/AnimSprites/Frame_2-removebg-preview_Walk_Left-Right_6.uasset" 210
"C:/Users/keega/OneDrive/Desktop/GitHub/ChungusInteractive/SandsOfSet/Content/MainChar/WalkTextures/AnimSprites/Frame_2-removebg-preview_Walk_Left-Right_6.uexp" 211
"C:/Users/keega/OneDrive/Desktop/GitHub/ChungusInteractive/SandsOfSet/Content/MainChar/WalkTextures/AnimSprites/Frame_2-removebg-preview_Walk_Left-Right_7.uasset" 212
"C:/Users/keega/OneDrive/Desktop/GitHub/ChungusInteractive/SandsOfSet/Content/MainChar/WalkTextures/AnimSprites/Frame_2-removebg-preview_Walk_Left-Right_7.uexp" 213
"C:/Users/keega/OneDrive/Desktop/GitHub/ChungusInteractive/SandsOfSet/Content/MainChar/WalkTextures/AnimSprites/Frame_2-removebg-preview_Walk_Left-Right_8.uasset" 214
"C:/Users/keega/OneDrive/Desktop/GitHub/ChungusInteractive/SandsOfSet/Content/MainChar/WalkTextures/AnimSprites/Frame_2-removebg-preview_Walk_Left-Right_8.uexp" 215
"C:/Users/keega/OneDrive/Desktop/GitHub/ChungusInteractive/SandsOfSet/Content/MainChar/WalkTextures/AnimSprites/Frame_2-removebg-preview_Walk_Left-Right_9.uasset" 216
"C:/Users/keega/OneDrive/Desktop/GitHub/ChungusInteractive/SandsOfSet/Content/MainChar/WalkTextures/AnimSprites/Frame_2-removebg-preview_Walk_Left-Right_9.uexp" 217
"C:/Users/keega/OneDrive/Desktop/GitHub/ChungusInteractive/SandsOfSet/Content/MainChar/WalkTextures/fb_UpRight.uasset" 218
"C:/Users/keega/OneDrive/Desktop/GitHub/ChungusInteractive/SandsOfSet/Content/MainChar/WalkTextures/fb_UpRight.uexp" 219
"C:/Users/keega/OneDrive/Desktop/GitHub/ChungusInteractive/SandsOfSet/Content/MainChar/AnimSequences/Walk_Anim.uasset" 220
"C:/Users/keega/OneDrive/Desktop/GitHub/ChungusInteractive/SandsOfSet/Content/MainChar/AnimSequences/Walk_Anim.uexp" 221
"C:/Users/keega/OneDrive/Desktop/GitHub/ChungusInteractive/SandsOfSet/Content/MainChar/Jump-IdleAnim/Frame_4.uasset" 222
"C:/Users/keega/OneDrive/Desktop/GitHub/ChungusInteractive/SandsOfSet/Content/MainChar/Jump-IdleAnim/Frame_4.uexp" 223
"C:/Users/keega/OneDrive/Desktop/GitHub/ChungusInteractive/SandsOfSet/Content/MainChar/Jump-IdleAnim/Frame_4_Sprite_0.uasset" 224
"C:/Users/keega/OneDrive/Desktop/GitHub/ChungusInteractive/SandsOfSet/Content/MainChar/Jump-IdleAnim/Frame_4_Sprite_0.uexp" 225
"C:/Users/keega/OneDrive/Desktop/GitHub/ChungusInteractive/SandsOfSet/Content/MainChar/Jump-IdleAnim/Frame_4_Sprite_1.uasset" 226
"C:/Users/keega/OneDrive/Desktop/GitHub/ChungusInteractive/SandsOfSet/Content/MainChar/Jump-IdleAnim/Frame_4_Sprite_1.uexp" 227
"C:/Users/keega/OneDrive/Desktop/GitHub/ChungusInteractive/SandsOfSet/Content/MainChar/Jump-IdleAnim/Idle_Front3.uasset" 228
"C:/Users/keega/OneDrive/Desktop/GitHub/ChungusInteractive/SandsOfSet/Content/MainChar/Jump-IdleAnim/Idle_Front3.uexp" 229
"C:/Users/keega/OneDrive/Desktop/GitHub/ChungusInteractive/SandsOfSet/Content/MainChar/AnimSequences/Idle_Anim.uasset" 230
"C:/Users/keega/OneDrive/Desktop/GitHub/ChungusInteractive/SandsOfSet/Content/MainChar/AnimSequences/Idle_Anim.uexp" 231
"C:/Users/keega/OneDrive/Desktop/GitHub/ChungusInteractive/SandsOfSet/Content/MainChar/Jump-IdleAnim/Frame_3-removebg-preview.uasset" 232
"C:/Users/keega/OneDrive/Desktop/GitHub/ChungusInteractive/SandsOfSet/Content/MainChar/Jump-IdleAnim/Frame_3-removebg-preview.uexp" 233
"C:/Users/keega/OneDrive/Desktop/GitHub/ChungusInteractive/SandsOfSet/Content/MainChar/Jump-IdleAnim/Frame_3-removebg-preview_Sprite_0.uasset" 234
"C:/Users/keega/OneDrive/Desktop/GitHub/ChungusInteractive/SandsOfSet/Content/MainChar/Jump-IdleAnim/Frame_3-removebg-preview_Sprite_0.uexp" 235
"C:/Users/keega/OneDrive/Desktop/GitHub/ChungusInteractive/SandsOfSet/Content/MainChar/Jump-IdleAnim/Frame_3-removebg-preview_Sprite_1.uasset" 236
"C:/Users/keega/OneDrive/Desktop/GitHub/ChungusInteractive/SandsOfSet/Content/MainChar/Jump-IdleAnim/Frame_3-removebg-preview_Sprite_1.uexp" 237
"C:/Users/keega/OneDrive/Desktop/GitHub/ChungusInteractive/SandsOfSet/Content/MainChar/Jump-IdleAnim/Frame_3-removebg-preview_Sprite_2.uasset" 238
"C:/Users/keega/OneDrive/Desktop/GitHub/ChungusInteractive/SandsOfSet/Content/MainChar/Jump-IdleAnim/Frame_3-removebg-preview_Sprite_2.uexp" 239
"C:/Users/keega/OneDrive/Desktop/GitHub/ChungusInteractive/SandsOfSet/Content/MainChar/Jump-IdleAnim/Jump_Anim.uasset" 240
"C:/Users/keega/OneDrive/Desktop/GitHub/ChungusInteractive/SandsOfSet/Content/MainChar/Jump-IdleAnim/Jump_Anim.uexp" 241
"C:/Users/keega/OneDrive/Desktop/GitHub/ChungusInteractive/SandsOfSet/Content/MainChar/AnimSequences/Jump_Anim.uasset" 242
"C:/Users/keega/OneDrive/Desktop/GitHub/ChungusInteractive/SandsOfSet/Content/MainChar/AnimSequences/Jump_Anim.uexp" 243
"C:/Users/keega/OneDrive/Desktop/GitHub/ChungusInteractive/SandsOfSet/Content/MainChar/abp_MultiDirectional.uasset" 244
"C:/Users/keega/OneDrive/Desktop/GitHub/ChungusInteractive/SandsOfSet/Content/MainChar/abp_MultiDirectional.uexp" 245
"C:/Users/keega/OneDrive/Desktop/GitHub/ChungusInteractive/SandsOfSet/Content/MainChar/BP_2DChar.uasset" 246
"C:/Users/keega/OneDrive/Desktop/GitHub/ChungusInteractive/SandsOfSet/Content/MainChar/BP_2DChar.uexp" 247
"C:/Users/keega/OneDrive/Desktop/GitHub/ChungusInteractive/SandsOfSet/Content/Models/Miles/2ndWave/Textures2ndwave/Scroll2/SandsOfSetScroll2Final_openPBR_shader31_Roughness.ubulk" 248
"C:/Users/keega/OneDrive/Desktop/GitHub/ChungusInteractive/SandsOfSet/Content/Models/Miles/2ndWave/Textures2ndwave/Scroll2/SandsOfSetScroll2Final_openPBR_shader31_Roughness.uasset" 249
"C:/Users/keega/OneDrive/Desktop/GitHub/ChungusInteractive/SandsOfSet/Content/Models/Miles/2ndWave/Textures2ndwave/Scroll2/SandsOfSetScroll2Final_openPBR_shader31_Roughness.uexp" 250
"C:/Users/keega/OneDrive/Desktop/GitHub/ChungusInteractive/SandsOfSet/Content/Models/Miles/2ndWave/Textures2ndwave/Scroll2/SandsOfSetScroll2Final_openPBR_shader31_Normal.ubulk" 251
"C:/Users/keega/OneDrive/Desktop/GitHub/ChungusInteractive/SandsOfSet/Content/Models/Miles/2ndWave/Textures2ndwave/Scroll2/SandsOfSetScroll2Final_openPBR_shader31_Normal.uasset" 252
"C:/Users/keega/OneDrive/Desktop/GitHub/ChungusInteractive/SandsOfSet/Content/Models/Miles/2ndWave/Textures2ndwave/Scroll2/SandsOfSetScroll2Final_openPBR_shader31_Normal.uexp" 253
"C:/Users/keega/OneDrive/Desktop/GitHub/ChungusInteractive/SandsOfSet/Content/Models/Miles/2ndWave/Textures2ndwave/Scroll2/SandsOfSetScroll2Final_openPBR_shader31_Metallic.ubulk" 254
"C:/Users/keega/OneDrive/Desktop/GitHub/ChungusInteractive/SandsOfSet/Content/Models/Miles/2ndWave/Textures2ndwave/Scroll2/SandsOfSetScroll2Final_openPBR_shader31_Metallic.uasset" 255
"C:/Users/keega/OneDrive/Desktop/GitHub/ChungusInteractive/SandsOfSet/Content/Models/Miles/2ndWave/Textures2ndwave/Scroll2/SandsOfSetScroll2Final_openPBR_shader31_Metallic.uexp" 256
"C:/Users/keega/OneDrive/Desktop/GitHub/ChungusInteractive/SandsOfSet/Content/Models/Miles/2ndWave/Textures2ndwave/Scroll2/SandsOfSetScroll2Final_openPBR_shader31_Height.ubulk" 257
"C:/Users/keega/OneDrive/Desktop/GitHub/ChungusInteractive/SandsOfSet/Content/Models/Miles/2ndWave/Textures2ndwave/Scroll2/SandsOfSetScroll2Final_openPBR_shader31_Height.uasset" 258
"C:/Users/keega/OneDrive/Desktop/GitHub/ChungusInteractive/SandsOfSet/Content/Models/Miles/2ndWave/Textures2ndwave/Scroll2/SandsOfSetScroll2Final_openPBR_shader31_Height.uexp" 259
"C:/Users/keega/OneDrive/Desktop/GitHub/ChungusInteractive/SandsOfSet/Content/Models/Miles/2ndWave/Textures2ndwave/Scroll2/SandsOfSetScroll2Final_openPBR_shader31_BaseColor.ubulk" 260
"C:/Users/keega/OneDrive/Desktop/GitHub/ChungusInteractive/SandsOfSet/Content/Models/Miles/2ndWave/Textures2ndwave/Scroll2/SandsOfSetScroll2Final_openPBR_shader31_BaseColor.uasset" 261
"C:/Users/keega/OneDrive/Desktop/GitHub/ChungusInteractive/SandsOfSet/Content/Models/Miles/2ndWave/Textures2ndwave/Scroll2/SandsOfSetScroll2Final_openPBR_shader31_BaseColor.uexp" 262
"C:/Users/keega/OneDrive/Desktop/GitHub/ChungusInteractive/SandsOfSet/Content/Models/Miles/2ndWave/Materials/Scroll2/Scroll2.uasset" 263
"C:/Users/keega/OneDrive/Desktop/GitHub/ChungusInteractive/SandsOfSet/Content/Models/Miles/2ndWave/Materials/Scroll2/Scroll2.uexp" 264
"../../../Engine/Plugins/Interchange/Assets/Content/Functions/MF_PhongToMetalRoughness.uasset" 265
"../../../Engine/Plugins/Interchange/Assets/Content/Functions/MF_PhongToMetalRoughness.uexp" 266
"C:/Users/keega/OneDrive/Desktop/GitHub/ChungusInteractive/SandsOfSet/Content/Models/Miles/2ndWave/openPBR_shader31.uasset" 267
"C:/Users/keega/OneDrive/Desktop/GitHub/ChungusInteractive/SandsOfSet/Content/Models/Miles/2ndWave/openPBR_shader31.uexp" 268
"C:/Users/keega/OneDrive/Desktop/GitHub/ChungusInteractive/SandsOfSet/Content/Models/Miles/2ndWave/Scroll2.ubulk" 269
"C:/Users/keega/OneDrive/Desktop/GitHub/ChungusInteractive/SandsOfSet/Content/Models/Miles/2ndWave/Scroll2.uasset" 270
"C:/Users/keega/OneDrive/Desktop/GitHub/ChungusInteractive/SandsOfSet/Content/Models/Miles/2ndWave/Scroll2.uexp" 271
"C:/Users/keega/OneDrive/Desktop/GitHub/ChungusInteractive/SandsOfSet/Content/UI/Note/WG_Note.uasset" 272
"C:/Users/keega/OneDrive/Desktop/GitHub/ChungusInteractive/SandsOfSet/Content/UI/Note/WG_Note.uexp" 273
"C:/Users/keega/OneDrive/Desktop/GitHub/ChungusInteractive/SandsOfSet/Content/LevelOnePuzzles/BP_Note.uasset" 274
"C:/Users/keega/OneDrive/Desktop/GitHub/ChungusInteractive/SandsOfSet/Content/LevelOnePuzzles/BP_Note.uexp" 275
"C:/Users/keega/OneDrive/Desktop/GitHub/ChungusInteractive/SandsOfSet/Content/LevelPrototyping/Textures/T_GridChecker_A.ubulk" 276
"C:/Users/keega/OneDrive/Desktop/GitHub/ChungusInteractive/SandsOfSet/Content/LevelPrototyping/Textures/T_GridChecker_A.uasset" 277
"C:/Users/keega/OneDrive/Desktop/GitHub/ChungusInteractive/SandsOfSet/Content/LevelPrototyping/Textures/T_GridChecker_A.uexp" 278
"../../../Engine/Content/Functions/Engine_MaterialFunctions02/Utility/MakeFloat3.uasset" 279
"../../../Engine/Content/Functions/Engine_MaterialFunctions02/Utility/MakeFloat3.uexp" 280
"../../../Engine/Content/Functions/Engine_MaterialFunctions02/Utility/BreakOutFloat3Components.uasset" 281
"../../../Engine/Content/Functions/Engine_MaterialFunctions02/Utility/BreakOutFloat3Components.uexp" 282
"../../../Engine/Content/Functions/Engine_MaterialFunctions01/Gradient/LinearGradient.uasset" 283
"../../../Engine/Content/Functions/Engine_MaterialFunctions01/Gradient/LinearGradient.uexp" 284
"../../../Engine/Content/Functions/Engine_MaterialFunctions01/ImageAdjustment/CheapContrast.uasset" 285
"../../../Engine/Content/Functions/Engine_MaterialFunctions01/ImageAdjustment/CheapContrast.uexp" 286
"C:/Users/keega/OneDrive/Desktop/GitHub/ChungusInteractive/SandsOfSet/Content/LevelPrototyping/Materials/MF_ProcGrid.uasset" 287
"C:/Users/keega/OneDrive/Desktop/GitHub/ChungusInteractive/SandsOfSet/Content/LevelPrototyping/Materials/MF_ProcGrid.uexp" 288
"C:/Users/keega/OneDrive/Desktop/GitHub/ChungusInteractive/SandsOfSet/Content/LevelPrototyping/Materials/M_PrototypeGrid.uasset" 289
"C:/Users/keega/OneDrive/Desktop/GitHub/ChungusInteractive/SandsOfSet/Content/LevelPrototyping/Materials/M_PrototypeGrid.uexp" 290
"C:/Users/keega/OneDrive/Desktop/GitHub/ChungusInteractive/SandsOfSet/Content/LevelPrototyping/Materials/MI_PrototypeGrid_Gray.uasset" 291
"C:/Users/keega/OneDrive/Desktop/GitHub/ChungusInteractive/SandsOfSet/Content/LevelPrototyping/Materials/MI_PrototypeGrid_Gray.uexp" 292
"C:/Users/keega/OneDrive/Desktop/GitHub/ChungusInteractive/SandsOfSet/Content/LevelPrototyping/Meshes/SM_Cube.ubulk" 293
"C:/Users/keega/OneDrive/Desktop/GitHub/ChungusInteractive/SandsOfSet/Content/LevelPrototyping/Meshes/SM_Cube.uasset" 294
"C:/Users/keega/OneDrive/Desktop/GitHub/ChungusInteractive/SandsOfSet/Content/LevelPrototyping/Meshes/SM_Cube.uexp" 295
"C:/Users/keega/OneDrive/Desktop/GitHub/ChungusInteractive/SandsOfSet/Content/LevelChange/M_WhiteGlow.uasset" 296
"C:/Users/keega/OneDrive/Desktop/GitHub/ChungusInteractive/SandsOfSet/Content/LevelChange/M_WhiteGlow.uexp" 297
"C:/Users/keega/OneDrive/Desktop/GitHub/ChungusInteractive/SandsOfSet/Content/LevelChange/BP_LevelChanger.uasset" 298
"C:/Users/keega/OneDrive/Desktop/GitHub/ChungusInteractive/SandsOfSet/Content/LevelChange/BP_LevelChanger.uexp" 299
"../../../Engine/Content/EngineMaterials/DefaultMaterial.uasset" 300
"../../../Engine/Content/EngineMaterials/DefaultMaterial.uexp" 301
"../../../Engine/Content/BasicShapes/Sphere.ubulk" 302
"../../../Engine/Content/BasicShapes/Sphere.uasset" 303
"../../../Engine/Content/BasicShapes/Sphere.uexp" 304
"C:/Users/keega/OneDrive/Desktop/GitHub/ChungusInteractive/SandsOfSet/Content/Models/Miles/initialShadingGroup.uasset" 305
"C:/Users/keega/OneDrive/Desktop/GitHub/ChungusInteractive/SandsOfSet/Content/Models/Miles/initialShadingGroup.uexp" 306
"C:/Users/keega/OneDrive/Desktop/GitHub/ChungusInteractive/SandsOfSet/Content/Models/Miles/pCube5.ubulk" 307
"C:/Users/keega/OneDrive/Desktop/GitHub/ChungusInteractive/SandsOfSet/Content/Models/Miles/pCube5.uasset" 308
"C:/Users/keega/OneDrive/Desktop/GitHub/ChungusInteractive/SandsOfSet/Content/Models/Miles/pCube5.uexp" 309
"C:/Users/keega/OneDrive/Desktop/GitHub/ChungusInteractive/SandsOfSet/Content/Lasers(LIghtPuzzle)/Materials/M_BaseColor2.uasset" 310
"C:/Users/keega/OneDrive/Desktop/GitHub/ChungusInteractive/SandsOfSet/Content/Lasers(LIghtPuzzle)/Materials/M_BaseColor2.uexp" 311
"C:/Users/keega/OneDrive/Desktop/GitHub/ChungusInteractive/SandsOfSet/Content/Actors/BP_Pedestal.uasset" 312
"C:/Users/keega/OneDrive/Desktop/GitHub/ChungusInteractive/SandsOfSet/Content/Actors/BP_Pedestal.uexp" 313
"C:/Users/keega/OneDrive/Desktop/GitHub/ChungusInteractive/SandsOfSet/Content/LevelPrototyping/Materials/M_FlatCol.uasset" 314
"C:/Users/keega/OneDrive/Desktop/GitHub/ChungusInteractive/SandsOfSet/Content/LevelPrototyping/Materials/M_FlatCol.uexp" 315
"C:/Users/keega/OneDrive/Desktop/GitHub/ChungusInteractive/SandsOfSet/Content/LevelPrototyping/Materials/MI_DefaultColorway.uasset" 316
"C:/Users/keega/OneDrive/Desktop/GitHub/ChungusInteractive/SandsOfSet/Content/LevelPrototyping/Materials/MI_DefaultColorway.uexp" 317
"C:/Users/keega/OneDrive/Desktop/GitHub/ChungusInteractive/SandsOfSet/Content/LevelPrototyping/Meshes/SM_ChamferCube.ubulk" 318
"C:/Users/keega/OneDrive/Desktop/GitHub/ChungusInteractive/SandsOfSet/Content/LevelPrototyping/Meshes/SM_ChamferCube.uasset" 319
"C:/Users/keega/OneDrive/Desktop/GitHub/ChungusInteractive/SandsOfSet/Content/LevelPrototyping/Meshes/SM_ChamferCube.uexp" 320
"C:/Users/keega/OneDrive/Desktop/GitHub/ChungusInteractive/SandsOfSet/Content/Lasers(LIghtPuzzle)/Materials/M_BaseColor.uasset" 321
"C:/Users/keega/OneDrive/Desktop/GitHub/ChungusInteractive/SandsOfSet/Content/Lasers(LIghtPuzzle)/Materials/M_BaseColor.uexp" 322
"C:/Users/keega/OneDrive/Desktop/GitHub/ChungusInteractive/SandsOfSet/Content/Actors/B_DoorCam.uasset" 323
"C:/Users/keega/OneDrive/Desktop/GitHub/ChungusInteractive/SandsOfSet/Content/Actors/B_DoorCam.uexp" 324
"C:/Users/keega/OneDrive/Desktop/GitHub/ChungusInteractive/SandsOfSet/Content/LevelPrototyping/Interactable/Door/Assets/Meshes/SM_Door.ubulk" 325
"C:/Users/keega/OneDrive/Desktop/GitHub/ChungusInteractive/SandsOfSet/Content/LevelPrototyping/Interactable/Door/Assets/Meshes/SM_Door.uasset" 326
"C:/Users/keega/OneDrive/Desktop/GitHub/ChungusInteractive/SandsOfSet/Content/LevelPrototyping/Interactable/Door/Assets/Meshes/SM_Door.uexp" 327
"C:/Users/keega/OneDrive/Desktop/GitHub/ChungusInteractive/SandsOfSet/Content/Actors/B_Door2.uasset" 328
"C:/Users/keega/OneDrive/Desktop/GitHub/ChungusInteractive/SandsOfSet/Content/Actors/B_Door2.uexp" 329
"C:/Users/keega/OneDrive/Desktop/GitHub/ChungusInteractive/SandsOfSet/Content/Materials/Textures/R.uasset" 330
"C:/Users/keega/OneDrive/Desktop/GitHub/ChungusInteractive/SandsOfSet/Content/Materials/Textures/R.uexp" 331
"C:/Users/keega/OneDrive/Desktop/GitHub/ChungusInteractive/SandsOfSet/Content/Materials/Textures/M_Sandfloor.uasset" 332
"C:/Users/keega/OneDrive/Desktop/GitHub/ChungusInteractive/SandsOfSet/Content/Materials/Textures/M_Sandfloor.uexp" 333
"C:/Users/keega/OneDrive/Desktop/GitHub/ChungusInteractive/SandsOfSet/Content/Actors/BP_SandPickup.uasset" 334
"C:/Users/keega/OneDrive/Desktop/GitHub/ChungusInteractive/SandsOfSet/Content/Actors/BP_SandPickup.uexp" 335
"../../../Engine/Plugins/VirtualProduction/CameraCalibrationCore/Content/Materials/M_DefaultOddSquare.uasset" 336
"../../../Engine/Plugins/VirtualProduction/CameraCalibrationCore/Content/Materials/M_DefaultOddSquare.uexp" 337
"../../../Engine/Plugins/VirtualProduction/CameraCalibrationCore/Content/Materials/M_DefaultEvenSquare.uasset" 338
"../../../Engine/Plugins/VirtualProduction/CameraCalibrationCore/Content/Materials/M_DefaultEvenSquare.uexp" 339
"../../../Engine/Plugins/Runtime/HairStrands/Content/Materials/HairMeshesDefaultMaterial.uasset" 340
"../../../Engine/Plugins/Runtime/HairStrands/Content/Materials/HairMeshesDefaultMaterial.uexp" 341
"../../../Engine/Plugins/Runtime/HairStrands/Content/Materials/HairDefaultMaterial.uasset" 342
"../../../Engine/Plugins/Runtime/HairStrands/Content/Materials/HairDefaultMaterial.uexp" 343
"../../../Engine/Plugins/Runtime/HairStrands/Content/Materials/HairGroupColors.uasset" 344
"../../../Engine/Plugins/Runtime/HairStrands/Content/Materials/HairGroupColors.uexp" 345
"../../../Engine/Content/Functions/Engine_MaterialFunctions02/Utility/MakeFloat2.uasset" 346
"../../../Engine/Content/Functions/Engine_MaterialFunctions02/Utility/MakeFloat2.uexp" 347
"../../../Engine/Content/EngineMaterials/HairDebugColor.uasset" 348
"../../../Engine/Content/EngineMaterials/HairDebugColor.uexp" 349
"../../../Engine/Content/EngineMaterials/HairColorMap.uasset" 350
"../../../Engine/Content/EngineMaterials/HairColorMap.uexp" 351
"../../../Engine/Plugins/Runtime/HairStrands/Content/Materials/HairDebugMaterial.uasset" 352
"../../../Engine/Plugins/Runtime/HairStrands/Content/Materials/HairDebugMaterial.uexp" 353
"../../../Engine/Plugins/Runtime/HairStrands/Content/Materials/HairCardsDefaultMaterial.uasset" 354
"../../../Engine/Plugins/Runtime/HairStrands/Content/Materials/HairCardsDefaultMaterial.uexp" 355
"../../../Engine/Plugins/Runtime/AudioWidgets/Content/Resources/ScrubHandleDown_Clamped.uasset" 356
"../../../Engine/Plugins/Runtime/AudioWidgets/Content/Resources/ScrubHandleDown_Clamped.uexp" 357
"../../../Engine/Plugins/Interchange/Assets/Content/Functions/MX_UsdPreviewSurface.uasset" 358
"../../../Engine/Plugins/Interchange/Assets/Content/Functions/MX_UsdPreviewSurface.uexp" 359
"../../../Engine/Plugins/Interchange/Assets/Content/Functions/MX_UniformEDF.uasset" 360
"../../../Engine/Plugins/Interchange/Assets/Content/Functions/MX_UniformEDF.uexp" 361
"../../../Engine/Plugins/Interchange/Assets/Content/Functions/MX_TranslucentBSDF.uasset" 362
"../../../Engine/Plugins/Interchange/Assets/Content/Functions/MX_TranslucentBSDF.uexp" 363
"../../../Engine/Plugins/Interchange/Assets/Content/Functions/MX_ThinFilmBSDF.uasset" 364
"../../../Engine/Plugins/Interchange/Assets/Content/Functions/MX_ThinFilmBSDF.uexp" 365
"../../../Engine/Plugins/Interchange/Assets/Content/Functions/MX_SurfaceUnlit.uasset" 366
"../../../Engine/Plugins/Interchange/Assets/Content/Functions/MX_SurfaceUnlit.uexp" 367
"../../../Engine/Plugins/Interchange/Assets/Content/Functions/MX_Surface.uasset" 368
"../../../Engine/Plugins/Interchange/Assets/Content/Functions/MX_Surface.uexp" 369
"../../../Engine/Plugins/Interchange/Assets/Content/Functions/MX_SubsurfaceBSDF.uasset" 370
"../../../Engine/Plugins/Interchange/Assets/Content/Functions/MX_SubsurfaceBSDF.uexp" 371
"../../../Engine/Plugins/Interchange/Assets/Content/Functions/MX_SheenBSDF.uasset" 372
"../../../Engine/Plugins/Interchange/Assets/Content/Functions/MX_SheenBSDF.uexp" 373
"../../../Engine/Plugins/Interchange/Assets/Content/Functions/MX_OrenNayarBSDF.uasset" 374
"../../../Engine/Plugins/Interchange/Assets/Content/Functions/MX_OrenNayarBSDF.uexp" 375
"../../../Engine/Plugins/Interchange/Assets/Content/Functions/MF_IridescenceNoLUT.uasset" 376
"../../../Engine/Plugins/Interchange/Assets/Content/Functions/MF_IridescenceNoLUT.uexp" 377
"../../../Engine/Plugins/Interchange/Assets/Content/Functions/MX_StandardSurface.uasset" 378
"../../../Engine/Plugins/Interchange/Assets/Content/Functions/MX_StandardSurface.uexp" 379
"../../../Engine/Plugins/Interchange/Assets/Content/Functions/MX_TransmissionSurface.uasset" 380
"../../../Engine/Plugins/Interchange/Assets/Content/Functions/MX_TransmissionSurface.uexp" 381
"../../../Engine/Plugins/Interchange/Assets/Content/Functions/MX_OpenPBR_Translucent.uasset" 382
"../../../Engine/Plugins/Interchange/Assets/Content/Functions/MX_OpenPBR_Translucent.uexp" 383
"../../../Engine/Plugins/Interchange/Assets/Content/Functions/MX_OpenPBR_Opaque.uasset" 384
"../../../Engine/Plugins/Interchange/Assets/Content/Functions/MX_OpenPBR_Opaque.uexp" 385
"../../../Engine/Plugins/Interchange/Assets/Content/Functions/MX_MeasuredEDF.uasset" 386
"../../../Engine/Plugins/Interchange/Assets/Content/Functions/MX_MeasuredEDF.uexp" 387
"../../../Engine/Plugins/Interchange/Assets/Content/Functions/MX_GeneralizedSchlickBSDF.uasset" 388
"../../../Engine/Plugins/Interchange/Assets/Content/Functions/MX_GeneralizedSchlickBSDF.uexp" 389
"../../../Engine/Plugins/Interchange/Assets/Content/Functions/MX_Displacement.uasset" 390
"../../../Engine/Plugins/Interchange/Assets/Content/Functions/MX_Displacement.uexp" 391
"../../../Engine/Plugins/Interchange/Assets/Content/Functions/MX_DielectricBSDF.uasset" 392
"../../../Engine/Plugins/Interchange/Assets/Content/Functions/MX_DielectricBSDF.uexp" 393
"../../../Engine/Plugins/Interchange/Assets/Content/Functions/MX_ConicalEDF.uasset" 394
"../../../Engine/Plugins/Interchange/Assets/Content/Functions/MX_ConicalEDF.uexp" 395
"../../../Engine/Plugins/Interchange/Assets/Content/Functions/MX_ConductorBSDF.uasset" 396
"../../../Engine/Plugins/Interchange/Assets/Content/Functions/MX_ConductorBSDF.uexp" 397
"../../../Engine/Plugins/Interchange/Assets/Content/Functions/MX_BurleyDiffuseBSDF.uasset" 398
"../../../Engine/Plugins/Interchange/Assets/Content/Functions/MX_BurleyDiffuseBSDF.uexp" 399
"../../../Engine/Plugins/Interchange/Assets/Content/Functions/MX_AnisotropicVDF.uasset" 400
"../../../Engine/Plugins/Interchange/Assets/Content/Functions/MX_AnisotropicVDF.uexp" 401
"../../../Engine/Plugins/Interchange/Assets/Content/Functions/MX_AbsorptionVDF.uasset" 402
"../../../Engine/Plugins/Interchange/Assets/Content/Functions/MX_AbsorptionVDF.uexp" 403
"../../../Engine/Content/Functions/Engine_MaterialFunctions02/Utility/VectorLength.uasset" 404
"../../../Engine/Content/Functions/Engine_MaterialFunctions02/Utility/VectorLength.uexp" 405
"../../../Engine/Content/Functions/Engine_MaterialFunctions02/ObjectLocalBounds.uasset" 406
"../../../Engine/Content/Functions/Engine_MaterialFunctions02/ObjectLocalBounds.uexp" 407
"../../../Engine/Content/Functions/Engine_MaterialFunctions02/WorldPositionOffset/ObjectScale.uasset" 408
"../../../Engine/Content/Functions/Engine_MaterialFunctions02/WorldPositionOffset/ObjectScale.uexp" 409
"../../../Engine/Content/Functions/Engine_MaterialFunctions02/SafeNormalize.uasset" 410
"../../../Engine/Content/Functions/Engine_MaterialFunctions02/SafeNormalize.uexp" 411
"../../../Engine/Plugins/Editor/SpeedTreeImporter/Content/SpeedTree9/UnpackInteger3.uasset" 412
"../../../Engine/Plugins/Editor/SpeedTreeImporter/Content/SpeedTree9/UnpackInteger3.uexp" 413
"../../../Engine/Plugins/Editor/SpeedTreeImporter/Content/SpeedTree9/UnpackDirection.uasset" 414
"../../../Engine/Plugins/Editor/SpeedTreeImporter/Content/SpeedTree9/UnpackDirection.uexp" 415
"../../../Engine/Plugins/Editor/SpeedTreeImporter/Content/SpeedTree9/game_wind_noise.ubulk" 416
"../../../Engine/Plugins/Editor/SpeedTreeImporter/Content/SpeedTree9/game_wind_noise.uasset" 417
"../../../Engine/Plugins/Editor/SpeedTreeImporter/Content/SpeedTree9/game_wind_noise.uexp" 418
"../../../Engine/Plugins/Editor/SpeedTreeImporter/Content/SpeedTree9/SpeedTreeWindMotion.uasset" 419
"../../../Engine/Plugins/Editor/SpeedTreeImporter/Content/SpeedTree9/SpeedTreeWindMotion.uexp" 420
"../../../Engine/Plugins/Editor/SpeedTreeImporter/Content/SpeedTree9/SpeedTreeBranchMotion.uasset" 421
"../../../Engine/Plugins/Editor/SpeedTreeImporter/Content/SpeedTree9/SpeedTreeBranchMotion.uexp" 422
"../../../Engine/Content/Functions/Engine_MaterialFunctions02/UVs/BoundingBoxBased_0-1_UVW.uasset" 423
"../../../Engine/Content/Functions/Engine_MaterialFunctions02/UVs/BoundingBoxBased_0-1_UVW.uexp" 424
"../../../Engine/Plugins/Editor/SpeedTreeImporter/Content/SpeedTree9/SpeedTreeWind.uasset" 425
"../../../Engine/Plugins/Editor/SpeedTreeImporter/Content/SpeedTree9/SpeedTreeWind.uexp" 426
"../../../Engine/Plugins/Editor/SpeedTreeImporter/Content/SpeedTree9/Empty.uasset" 427
"../../../Engine/Plugins/Editor/SpeedTreeImporter/Content/SpeedTree9/Empty.uexp" 428
"../../../Engine/Plugins/Editor/SpeedTreeImporter/Content/SpeedTree9/EmptyNormal.uasset" 429
"../../../Engine/Plugins/Editor/SpeedTreeImporter/Content/SpeedTree9/EmptyNormal.uexp" 430
"../../../Engine/Plugins/Editor/SpeedTreeImporter/Content/SpeedTree9/SpeedTreeCameraFacing.uasset" 431
"../../../Engine/Plugins/Editor/SpeedTreeImporter/Content/SpeedTree9/SpeedTreeCameraFacing.uexp" 432
"../../../Engine/Plugins/Editor/SpeedTreeImporter/Content/SpeedTree9/SpeedTreeMaster.uasset" 433
"../../../Engine/Plugins/Editor/SpeedTreeImporter/Content/SpeedTree9/SpeedTreeMaster.uexp" 434
"../../../Engine/Plugins/Editor/SpeedTreeImporter/Content/SpeedTree9/SpeedTreeBillboard.uasset" 435
"../../../Engine/Plugins/Editor/SpeedTreeImporter/Content/SpeedTree9/SpeedTreeBillboard.uexp" 436
"../../../Engine/Plugins/Editor/SpeedTreeImporter/Content/SpeedTree9/SpeedTreeBillboardMaster.uasset" 437
"../../../Engine/Plugins/Editor/SpeedTreeImporter/Content/SpeedTree9/SpeedTreeBillboardMaster.uexp" 438
"../../../Engine/Plugins/Animation/ControlRig/Content/Controls/ControlRigXRayMaterial.uasset" 439
"../../../Engine/Plugins/Animation/ControlRig/Content/Controls/ControlRigXRayMaterial.uexp" 440
"../../../Engine/Plugins/Animation/ControlRig/Content/Controls/ControlRigGizmoMaterial.uasset" 441
"../../../Engine/Plugins/Animation/ControlRig/Content/Controls/ControlRigGizmoMaterial.uexp" 442
"../../../Engine/Content/EngineResources/DefaultTexture.ubulk" 443
"../../../Engine/Content/EngineResources/DefaultTexture.uasset" 444
"../../../Engine/Content/EngineResources/DefaultTexture.uexp" 445
"../../../Engine/Content/EngineMaterials/RemoveSurfaceMaterial.uasset" 446
"../../../Engine/Content/EngineMaterials/RemoveSurfaceMaterial.uexp" 447
"../../../Engine/Content/EngineMaterials/PreintegratedSkinBRDF.uasset" 448
"../../../Engine/Content/EngineMaterials/PreintegratedSkinBRDF.uexp" 449
"../../../Engine/Content/EngineMaterials/DefaultCalibrationGrayscale.uasset" 450
"../../../Engine/Content/EngineMaterials/DefaultCalibrationGrayscale.uexp" 451
"../../../Engine/Content/EngineMaterials/PPM_DefaultCalibrationGrayscale.uasset" 452
"../../../Engine/Content/EngineMaterials/PPM_DefaultCalibrationGrayscale.uexp" 453
"../../../Engine/Content/EngineMaterials/DefaultCalibrationColor.uasset" 454
"../../../Engine/Content/EngineMaterials/DefaultCalibrationColor.uexp" 455
"../../../Engine/Content/EngineMaterials/PPM_DefaultCalibrationColor.uasset" 456
"../../../Engine/Content/EngineMaterials/PPM_DefaultCalibrationColor.uexp" 457
"../../../Engine/Content/EngineMaterials/PhAT_JointLimitMaterial.uasset" 458
"../../../Engine/Content/EngineMaterials/PhAT_JointLimitMaterial.uexp" 459
"../../../Engine/Content/EngineMaterials/NaniteHiddenSectionMaterial.uasset" 460
"../../../Engine/Content/EngineMaterials/NaniteHiddenSectionMaterial.uexp" 461
"../../../Engine/Content/EngineMaterials/InvalidLightmapSettings.ubulk" 462
"../../../Engine/Content/EngineMaterials/InvalidLightmapSettings.uasset" 463
"../../../Engine/Content/EngineMaterials/InvalidLightmapSettings.uexp" 464
"../../../Engine/Content/EngineMaterials/M_InvalidLightmapSettings.uasset" 465
"../../../Engine/Content/EngineMaterials/M_InvalidLightmapSettings.uexp" 466
"../../../Engine/Content/EngineMaterials/MiniFont.uasset" 467
"../../../Engine/Content/EngineMaterials/MiniFont.uexp" 468
"../../../Engine/Content/EngineMaterials/GizmoMaterial.uasset" 469
"../../../Engine/Content/EngineMaterials/GizmoMaterial.uexp" 470
"../../../Engine/Content/EngineMaterials/BaseFlattenEmissiveMap_VT.ubulk" 471
"../../../Engine/Content/EngineMaterials/BaseFlattenEmissiveMap_VT.uasset" 472
"../../../Engine/Content/EngineMaterials/BaseFlattenEmissiveMap_VT.uexp" 473
"../../../Engine/Content/EngineMaterials/BaseFlattenDiffuseMap_VT.ubulk" 474
"../../../Engine/Content/EngineMaterials/BaseFlattenDiffuseMap_VT.uasset" 475
"../../../Engine/Content/EngineMaterials/BaseFlattenDiffuseMap_VT.uexp" 476
"../../../Engine/Content/EngineMaterials/BaseFlattenLinearColor_VT.ubulk" 477
"../../../Engine/Content/EngineMaterials/BaseFlattenLinearColor_VT.uasset" 478
"../../../Engine/Content/EngineMaterials/BaseFlattenLinearColor_VT.uexp" 479
"../../../Engine/Content/EngineMaterials/BaseFlattenGrayscaleMap_VT.ubulk" 480
"../../../Engine/Content/EngineMaterials/BaseFlattenGrayscaleMap_VT.uasset" 481
"../../../Engine/Content/EngineMaterials/BaseFlattenGrayscaleMap_VT.uexp" 482
"../../../Engine/Content/EngineMaterials/BaseFlattenNormalMap_VT.ubulk" 483
"../../../Engine/Content/EngineMaterials/BaseFlattenNormalMap_VT.uasset" 484
"../../../Engine/Content/EngineMaterials/BaseFlattenNormalMap_VT.uexp" 485
"../../../Engine/Content/EngineMaterials/Black_1x1_EXR_Texture_VT.ubulk" 486
"../../../Engine/Content/EngineMaterials/Black_1x1_EXR_Texture_VT.uasset" 487
"../../../Engine/Content/EngineMaterials/Black_1x1_EXR_Texture_VT.uexp" 488
"../../../Engine/Content/EngineMaterials/FlattenMaterial_WS_Normal_VT.uasset" 489
"../../../Engine/Content/EngineMaterials/FlattenMaterial_WS_Normal_VT.uexp" 490
"../../../Engine/Content/EngineMaterials/FlattenMaterial_VT.uasset" 491
"../../../Engine/Content/EngineMaterials/FlattenMaterial_VT.uexp" 492
"../../../Engine/Content/EngineMaterials/BaseFlattenLinearColor.uasset" 493
"../../../Engine/Content/EngineMaterials/BaseFlattenLinearColor.uexp" 494
"../../../Engine/Content/EngineMaterials/BaseFlattenNormalMap.uasset" 495
"../../../Engine/Content/EngineMaterials/BaseFlattenNormalMap.uexp" 496
"../../../Engine/Content/Functions/Engine_MaterialFunctions02/PivotPainter2/Black_1x1_EXR_Texture.uasset" 497
"../../../Engine/Content/Functions/Engine_MaterialFunctions02/PivotPainter2/Black_1x1_EXR_Texture.uexp" 498
"../../../Engine/Content/EngineMaterials/BaseFlattenEmissiveMap.uasset" 499
"../../../Engine/Content/EngineMaterials/BaseFlattenEmissiveMap.uexp" 500
"../../../Engine/Content/EngineMaterials/BaseFlattenDiffuseMap.uasset" 501
"../../../Engine/Content/EngineMaterials/BaseFlattenDiffuseMap.uexp" 502
"../../../Engine/Content/EngineMaterials/BaseFlattenGrayscaleMap.uasset" 503
"../../../Engine/Content/EngineMaterials/BaseFlattenGrayscaleMap.uexp" 504
"../../../Engine/Content/EngineMaterials/FlattenMaterial.uasset" 505
"../../../Engine/Content/EngineMaterials/FlattenMaterial.uexp" 506
"../../../Engine/Content/EngineMaterials/FastBlueNoise_vec2_128x128x64.uasset" 507
"../../../Engine/Content/EngineMaterials/FastBlueNoise_vec2_128x128x64.uexp" 508
"../../../Engine/Content/EngineMaterials/FastBlueNoise_scalar_128x128x8.uasset" 509
"../../../Engine/Content/EngineMaterials/FastBlueNoise_scalar_128x128x8.uexp" 510
"../../../Engine/Content/EngineMaterials/FastBlueNoise_scalar_128x128x64.uasset" 511
"../../../Engine/Content/EngineMaterials/FastBlueNoise_scalar_128x128x64.uexp" 512
"../../../Engine/Content/EngineMaterials/DefaultWhiteGrid_Low.uasset" 513
"../../../Engine/Content/EngineMaterials/DefaultWhiteGrid_Low.uexp" 514
"../../../Engine/Content/EngineMaterials/EmissiveMeshMaterial.uasset" 515
"../../../Engine/Content/EngineMaterials/EmissiveMeshMaterial.uexp" 516
"../../../Engine/Content/EngineMaterials/DefaultWhiteGrid.ubulk" 517
"../../../Engine/Content/EngineMaterials/DefaultWhiteGrid.uasset" 518
"../../../Engine/Content/EngineMaterials/DefaultWhiteGrid.uexp" 519
"../../../Engine/Content/EngineFonts/RobotoDistanceField.uasset" 520
"../../../Engine/Content/EngineFonts/RobotoDistanceField.uexp" 521
"../../../Engine/Content/EngineMaterials/DefaultTextMaterialOpaque.uasset" 522
"../../../Engine/Content/EngineMaterials/DefaultTextMaterialOpaque.uexp" 523
"../../../Engine/Content/EngineMaterials/DefaultDiffuse.ubulk" 524
"../../../Engine/Content/EngineMaterials/DefaultDiffuse.uasset" 525
"../../../Engine/Content/EngineMaterials/DefaultDiffuse.uexp" 526
"../../../Engine/Content/Functions/Engine_MaterialFunctions02/Utility/BreakOutFloat2Components.uasset" 527
"../../../Engine/Content/Functions/Engine_MaterialFunctions02/Utility/BreakOutFloat2Components.uexp" 528
"../../../Engine/Content/EngineMaterials/DefaultPostProcessMaterial.uasset" 529
"../../../Engine/Content/EngineMaterials/DefaultPostProcessMaterial.uexp" 530
"../../../Engine/Content/EngineMaterials/DefaultLightFunctionMaterial.uasset" 531
"../../../Engine/Content/EngineMaterials/DefaultLightFunctionMaterial.uexp" 532
"../../../Engine/Content/EngineMaterials/DefaultDeferredDecalMaterial.uasset" 533
"../../../Engine/Content/EngineMaterials/DefaultDeferredDecalMaterial.uexp" 534
"../../../Engine/Content/EngineMaterials/DefaultBokeh.uasset" 535
"../../../Engine/Content/EngineMaterials/DefaultBokeh.uexp" 536
"../../../Engine/Content/EngineMaterials/DefaultBloomKernel.uasset" 537
"../../../Engine/Content/EngineMaterials/DefaultBloomKernel.uexp" 538
"../../../Engine/Content/EngineDebugMaterials/VolumeToRender.uasset" 539
"../../../Engine/Content/EngineDebugMaterials/VolumeToRender.uexp" 540
"../../../Engine/Content/Functions/Engine_MaterialFunctions02/Utility/CameraDirectionVector.uasset" 541
"../../../Engine/Content/Functions/Engine_MaterialFunctions02/Utility/CameraDirectionVector.uexp" 542
"../../../Engine/Content/EngineDebugMaterials/M_VolumeRenderSphereTracePP.uasset" 543
"../../../Engine/Content/EngineDebugMaterials/M_VolumeRenderSphereTracePP.uexp" 544
"../../../Engine/Content/EngineDebugMaterials/M_SimpleUnlitTranslucent.uasset" 545
"../../../Engine/Content/EngineDebugMaterials/M_SimpleUnlitTranslucent.uexp" 546
"../../../Engine/Content/EngineDebugMaterials/DebugMeshMaterial.uasset" 547
"../../../Engine/Content/EngineDebugMaterials/DebugMeshMaterial.uexp" 548
"../../../Engine/Content/EngineDebugMaterials/DebugEditorMaterial.uasset" 549
"../../../Engine/Content/EngineDebugMaterials/DebugEditorMaterial.uexp" 550
"../../../Engine/Content/EngineDamageTypes/DmgTypeBP_Environmental.uasset" 551
"../../../Engine/Content/EngineDamageTypes/DmgTypeBP_Environmental.uexp" 552
"../../../Engine/Content/EditorResources/S_TriggerSphere.uasset" 553
"../../../Engine/Content/EditorResources/S_TriggerSphere.uexp" 554
"../../../Engine/Content/EditorResources/S_TriggerCapsule.uasset" 555
"../../../Engine/Content/EditorResources/S_TriggerCapsule.uexp" 556
"../../../Engine/Content/EditorResources/S_TriggerBox.uasset" 557
"../../../Engine/Content/EditorResources/S_TriggerBox.uexp" 558
"../../../Engine/Content/EditorResources/S_Trigger.ubulk" 559
"../../../Engine/Content/EditorResources/S_Trigger.uasset" 560
"../../../Engine/Content/EditorResources/S_Trigger.uexp" 561
"../../../Engine/Content/EditorResources/S_Terrain.ubulk" 562
"../../../Engine/Content/EditorResources/S_Terrain.uasset" 563
"../../../Engine/Content/EditorResources/S_Terrain.uexp" 564
"../../../Engine/Content/EditorResources/S_Solver.ubulk" 565
"../../../Engine/Content/EditorResources/S_Solver.uasset" 566
"../../../Engine/Content/EditorResources/S_Solver.uexp" 567
"../../../Engine/Content/EditorResources/S_BoxReflectionCapture.uasset" 568
"../../../Engine/Content/EditorResources/S_BoxReflectionCapture.uexp" 569
"../../../Engine/Content/EditorResources/BSPVertex.uasset" 570
"../../../Engine/Content/EditorResources/BSPVertex.uexp" 571
"../../../Engine/Content/EditorMaterials/PreviewShadowIndicator.ubulk" 572
"../../../Engine/Content/EditorMaterials/PreviewShadowIndicator.uasset" 573
"../../../Engine/Content/EditorMaterials/PreviewShadowIndicator.uexp" 574
"../../../Engine/Content/EditorMaterials/PreviewShadowIndicatorMaterial.uasset" 575
"../../../Engine/Content/EditorMaterials/PreviewShadowIndicatorMaterial.uexp" 576
"../../../Engine/Content/EditorMaterials/PhAT_UnselectedMaterial.uasset" 577
"../../../Engine/Content/EditorMaterials/PhAT_UnselectedMaterial.uexp" 578
"../../../Engine/Content/EditorMaterials/PhAT_NoCollisionMaterial.uasset" 579
"../../../Engine/Content/EditorMaterials/PhAT_NoCollisionMaterial.uexp" 580
"../../../Engine/Content/EditorLandscapeResources/WhiteSquareTexture.uasset" 581
"../../../Engine/Content/EditorLandscapeResources/WhiteSquareTexture.uexp" 582
"../../../Engine/Content/EditorLandscapeResources/LayerVisMaterial.uasset" 583
"../../../Engine/Content/EditorLandscapeResources/LayerVisMaterial.uexp" 584
"../../../Engine/Content/Functions/Engine_MaterialFunctions01/Texturing/ScaleUVsByCenter.uasset" 585
"../../../Engine/Content/Functions/Engine_MaterialFunctions01/Texturing/ScaleUVsByCenter.uexp" 586
"../../../Engine/Content/Functions/Engine_MaterialFunctions02/WorldPositionOffset/LocalPosition.uasset" 587
"../../../Engine/Content/Functions/Engine_MaterialFunctions02/WorldPositionOffset/LocalPosition.uexp" 588
"../../../Engine/Content/Functions/Engine_MaterialFunctions02/ExampleContent/DebugNumberStrip.uasset" 589
"../../../Engine/Content/Functions/Engine_MaterialFunctions02/ExampleContent/DebugNumberStrip.uexp" 590
"../../../Engine/Content/Functions/Engine_MaterialFunctions01/Texturing/TextureCropping.uasset" 591
"../../../Engine/Content/Functions/Engine_MaterialFunctions01/Texturing/TextureCropping.uexp" 592
"../../../Engine/Content/Functions/Engine_MaterialFunctions01/Debug/DebugIntValues.uasset" 593
"../../../Engine/Content/Functions/Engine_MaterialFunctions01/Debug/DebugIntValues.uexp" 594
"../../../Engine/Content/EditorLandscapeResources/LandscapeLayerUsageMaterial.uasset" 595
"../../../Engine/Content/EditorLandscapeResources/LandscapeLayerUsageMaterial.uexp" 596
"../../../Engine/Content/EditorLandscapeResources/DefaultAlphaTexture.uasset" 597
"../../../Engine/Content/EditorLandscapeResources/DefaultAlphaTexture.uexp" 598
"../../../Engine/Content/EditorLandscapeResources/LandscapeDirtyMaterial.uasset" 599
"../../../Engine/Content/EditorLandscapeResources/LandscapeDirtyMaterial.uexp" 600
"../../../Engine/Content/EditorMaterials/ParticleSystems/PSysThumbnail_OOD.ubulk" 601
"../../../Engine/Content/EditorMaterials/ParticleSystems/PSysThumbnail_OOD.uasset" 602
"../../../Engine/Content/EditorMaterials/ParticleSystems/PSysThumbnail_OOD.uexp" 603
"../../../Engine/Content/EditorMaterials/ParticleSystems/PSysThumbnail_NoImage.ubulk" 604
"../../../Engine/Content/EditorMaterials/ParticleSystems/PSysThumbnail_NoImage.uasset" 605
"../../../Engine/Content/EditorMaterials/ParticleSystems/PSysThumbnail_NoImage.uexp" 606
"../../../Engine/Content/EditorMaterials/Dataflow/DataflowVertexMaterial.uasset" 607
"../../../Engine/Content/EditorMaterials/Dataflow/DataflowVertexMaterial.uexp" 608
"../../../Engine/Content/EditorMaterials/Dataflow/DataflowTwoSidedVertexMaterial.uasset" 609
"../../../Engine/Content/EditorMaterials/Dataflow/DataflowTwoSidedVertexMaterial.uexp" 610
"../../../Engine/Content/EngineResources/FilmGrains/Marcie_Grain_v3_128_M2_000.uasset" 611
"../../../Engine/Content/EngineResources/FilmGrains/Marcie_Grain_v3_128_M2_000.uexp" 612
"../../../Engine/Content/EngineResources/Development/ZenLogo_64.uasset" 613
"../../../Engine/Content/EngineResources/Development/ZenLogo_64.uexp" 614
"../../../Engine/Content/EngineMaterials/LTC/Sheen_LTC.uasset" 615
"../../../Engine/Content/EngineMaterials/LTC/Sheen_LTC.uexp" 616
"../../../Engine/Content/EngineMaterials/LTC/GGX_LTCMat.uasset" 617
"../../../Engine/Content/EngineMaterials/LTC/GGX_LTCMat.uexp" 618
"../../../Engine/Content/EngineMaterials/LTC/GGX_LTCAmp.uasset" 619
"../../../Engine/Content/EngineMaterials/LTC/GGX_LTCAmp.uexp" 620
"../../../Engine/Content/EngineMaterials/EnergyConservation/Sheen_Energy.uasset" 621
"../../../Engine/Content/EngineMaterials/EnergyConservation/Sheen_Energy.uexp" 622
"../../../Engine/Content/EngineMaterials/EnergyConservation/SheenLegacy_Energy.uasset" 623
"../../../Engine/Content/EngineMaterials/EnergyConservation/SheenLegacy_Energy.uexp" 624
"../../../Engine/Content/EngineMaterials/EnergyConservation/GGX_TransmissionEnergyArray.uasset" 625
"../../../Engine/Content/EngineMaterials/EnergyConservation/GGX_TransmissionEnergyArray.uexp" 626
"../../../Engine/Content/EngineMaterials/EnergyConservation/GGX_ReflectionEnergy.uasset" 627
"../../../Engine/Content/EngineMaterials/EnergyConservation/GGX_ReflectionEnergy.uexp" 628
"../../../Engine/Content/EngineMaterials/EnergyConservation/Diffuse_Energy.uasset" 629
"../../../Engine/Content/EngineMaterials/EnergyConservation/Diffuse_Energy.uexp" 630
"../../../Engine/Content/EditorResources/SequenceRecorder/RecordingIndicator.uasset" 631
"../../../Engine/Content/EditorResources/SequenceRecorder/RecordingIndicator.uexp" 632
"../../../Engine/Content/EditorResources/SequenceRecorder/Countdown.uasset" 633
"../../../Engine/Content/EditorResources/SequenceRecorder/Countdown.uexp" 634
"C:/Users/keega/OneDrive/Desktop/GitHub/ChungusInteractive/SandsOfSet/Content/LevelOnePuzzles/PressurePlate/B_Door.uasset" 635
"C:/Users/keega/OneDrive/Desktop/GitHub/ChungusInteractive/SandsOfSet/Content/LevelOnePuzzles/PressurePlate/B_Door.uexp" 636
"C:/Users/keega/OneDrive/Desktop/GitHub/ChungusInteractive/SandsOfSet/Content/Materials/Temp_Green.uasset" 637
"C:/Users/keega/OneDrive/Desktop/GitHub/ChungusInteractive/SandsOfSet/Content/Materials/Temp_Green.uexp" 638
"C:/Users/keega/OneDrive/Desktop/GitHub/ChungusInteractive/SandsOfSet/Content/LevelOnePuzzles/PressurePlate/openPBR_shader31.uasset" 639
"C:/Users/keega/OneDrive/Desktop/GitHub/ChungusInteractive/SandsOfSet/Content/LevelOnePuzzles/PressurePlate/openPBR_shader31.uexp" 640
"C:/Users/keega/OneDrive/Desktop/GitHub/ChungusInteractive/SandsOfSet/Content/LevelOnePuzzles/PressurePlate/SandsOfSetPressurePlateDown.ubulk" 641
"C:/Users/keega/OneDrive/Desktop/GitHub/ChungusInteractive/SandsOfSet/Content/LevelOnePuzzles/PressurePlate/SandsOfSetPressurePlateDown.uasset" 642
"C:/Users/keega/OneDrive/Desktop/GitHub/ChungusInteractive/SandsOfSet/Content/LevelOnePuzzles/PressurePlate/SandsOfSetPressurePlateDown.uexp" 643
"C:/Users/keega/OneDrive/Desktop/GitHub/ChungusInteractive/SandsOfSet/Content/LevelOnePuzzles/PressurePlate/B_PressureSwitch.uasset" 644
"C:/Users/keega/OneDrive/Desktop/GitHub/ChungusInteractive/SandsOfSet/Content/LevelOnePuzzles/PressurePlate/B_PressureSwitch.uexp" 645
"C:/Users/keega/OneDrive/Desktop/GitHub/ChungusInteractive/SandsOfSet/Content/LevelOnePuzzles/PressurePlate/BP_InvisableWall.uasset" 646
"C:/Users/keega/OneDrive/Desktop/GitHub/ChungusInteractive/SandsOfSet/Content/LevelOnePuzzles/PressurePlate/BP_InvisableWall.uexp" 647
"C:/Users/keega/OneDrive/Desktop/GitHub/ChungusInteractive/SandsOfSet/Content/Models/Miles/Brazier.ubulk" 648
"C:/Users/keega/OneDrive/Desktop/GitHub/ChungusInteractive/SandsOfSet/Content/Models/Miles/Brazier.uasset" 649
"C:/Users/keega/OneDrive/Desktop/GitHub/ChungusInteractive/SandsOfSet/Content/Models/Miles/Brazier.uexp" 650
"C:/Users/keega/OneDrive/Desktop/GitHub/ChungusInteractive/SandsOfSet/Content/Vefects/Free_Fire/Shared/Textures/T_VFX_White.uasset" 651
"C:/Users/keega/OneDrive/Desktop/GitHub/ChungusInteractive/SandsOfSet/Content/Vefects/Free_Fire/Shared/Textures/T_VFX_White.uexp" 652
"C:/Users/keega/OneDrive/Desktop/GitHub/ChungusInteractive/SandsOfSet/Content/Vefects/Free_Fire/Shared/Textures/T_VFX_Noise_04.ubulk" 653
"C:/Users/keega/OneDrive/Desktop/GitHub/ChungusInteractive/SandsOfSet/Content/Vefects/Free_Fire/Shared/Textures/T_VFX_Noise_04.uasset" 654
"C:/Users/keega/OneDrive/Desktop/GitHub/ChungusInteractive/SandsOfSet/Content/Vefects/Free_Fire/Shared/Textures/T_VFX_Noise_04.uexp" 655
"C:/Users/keega/OneDrive/Desktop/GitHub/ChungusInteractive/SandsOfSet/Content/Vefects/Free_Fire/Shared/Textures/T_VFX_Noise_01.ubulk" 656
"C:/Users/keega/OneDrive/Desktop/GitHub/ChungusInteractive/SandsOfSet/Content/Vefects/Free_Fire/Shared/Textures/T_VFX_Noise_01.uasset" 657
"C:/Users/keega/OneDrive/Desktop/GitHub/ChungusInteractive/SandsOfSet/Content/Vefects/Free_Fire/Shared/Textures/T_VFX_Noise_01.uexp" 658
"C:/Users/keega/OneDrive/Desktop/GitHub/ChungusInteractive/SandsOfSet/Content/Vefects/Free_Fire/Shared/Textures/T_VFX_Gradient_Up_Down_01.ubulk" 659
"C:/Users/keega/OneDrive/Desktop/GitHub/ChungusInteractive/SandsOfSet/Content/Vefects/Free_Fire/Shared/Textures/T_VFX_Gradient_Up_Down_01.uasset" 660
"C:/Users/keega/OneDrive/Desktop/GitHub/ChungusInteractive/SandsOfSet/Content/Vefects/Free_Fire/Shared/Textures/T_VFX_Gradient_Up_Down_01.uexp" 661
"C:/Users/keega/OneDrive/Desktop/GitHub/ChungusInteractive/SandsOfSet/Content/Vefects/Free_Fire/Shared/Textures/T_VFX_Fire_Mask_01.ubulk" 662
"C:/Users/keega/OneDrive/Desktop/GitHub/ChungusInteractive/SandsOfSet/Content/Vefects/Free_Fire/Shared/Textures/T_VFX_Fire_Mask_01.uasset" 663
"C:/Users/keega/OneDrive/Desktop/GitHub/ChungusInteractive/SandsOfSet/Content/Vefects/Free_Fire/Shared/Textures/T_VFX_Fire_Mask_01.uexp" 664
"C:/Users/keega/OneDrive/Desktop/GitHub/ChungusInteractive/SandsOfSet/Content/Vefects/Free_Fire/Shared/Textures/T_VFX_Fire_Ground_Mask_01.ubulk" 665
"C:/Users/keega/OneDrive/Desktop/GitHub/ChungusInteractive/SandsOfSet/Content/Vefects/Free_Fire/Shared/Textures/T_VFX_Fire_Ground_Mask_01.uasset" 666
"C:/Users/keega/OneDrive/Desktop/GitHub/ChungusInteractive/SandsOfSet/Content/Vefects/Free_Fire/Shared/Textures/T_VFX_Fire_Ground_Mask_01.uexp" 667
"C:/Users/keega/OneDrive/Desktop/GitHub/ChungusInteractive/SandsOfSet/Content/Vefects/Free_Fire/Shared/Materials/M_VFX_Erosion.uasset" 668
"C:/Users/keega/OneDrive/Desktop/GitHub/ChungusInteractive/SandsOfSet/Content/Vefects/Free_Fire/Shared/Materials/M_VFX_Erosion.uexp" 669
"C:/Users/keega/OneDrive/Desktop/GitHub/ChungusInteractive/SandsOfSet/Content/Vefects/Free_Fire/Shared/Materials/MI_VFX_Fire_01.uasset" 670
"C:/Users/keega/OneDrive/Desktop/GitHub/ChungusInteractive/SandsOfSet/Content/Vefects/Free_Fire/Shared/Materials/MI_VFX_Fire_01.uexp" 671
"C:/Users/keega/OneDrive/Desktop/GitHub/ChungusInteractive/SandsOfSet/Content/Vefects/Free_Fire/Shared/Textures/T_VFX_Noise_07.ubulk" 672
"C:/Users/keega/OneDrive/Desktop/GitHub/ChungusInteractive/SandsOfSet/Content/Vefects/Free_Fire/Shared/Textures/T_VFX_Noise_07.uasset" 673
"C:/Users/keega/OneDrive/Desktop/GitHub/ChungusInteractive/SandsOfSet/Content/Vefects/Free_Fire/Shared/Textures/T_VFX_Noise_07.uexp" 674
"C:/Users/keega/OneDrive/Desktop/GitHub/ChungusInteractive/SandsOfSet/Content/Vefects/Free_Fire/Shared/Textures/T_VFX_Ashes_01.ubulk" 675
"C:/Users/keega/OneDrive/Desktop/GitHub/ChungusInteractive/SandsOfSet/Content/Vefects/Free_Fire/Shared/Textures/T_VFX_Ashes_01.uasset" 676
"C:/Users/keega/OneDrive/Desktop/GitHub/ChungusInteractive/SandsOfSet/Content/Vefects/Free_Fire/Shared/Textures/T_VFX_Ashes_01.uexp" 677
"C:/Users/keega/OneDrive/Desktop/GitHub/ChungusInteractive/SandsOfSet/Content/Vefects/Free_Fire/Shared/Materials/MI_VFX_Ashes_01.uasset" 678
"C:/Users/keega/OneDrive/Desktop/GitHub/ChungusInteractive/SandsOfSet/Content/Vefects/Free_Fire/Shared/Materials/MI_VFX_Ashes_01.uexp" 679
"C:/Users/keega/OneDrive/Desktop/GitHub/ChungusInteractive/SandsOfSet/Content/Vefects/Free_Fire/Shared/Textures/T_VFX_Dust_01.ubulk" 680
"C:/Users/keega/OneDrive/Desktop/GitHub/ChungusInteractive/SandsOfSet/Content/Vefects/Free_Fire/Shared/Textures/T_VFX_Dust_01.uasset" 681
"C:/Users/keega/OneDrive/Desktop/GitHub/ChungusInteractive/SandsOfSet/Content/Vefects/Free_Fire/Shared/Textures/T_VFX_Dust_01.uexp" 682
"C:/Users/keega/OneDrive/Desktop/GitHub/ChungusInteractive/SandsOfSet/Content/Vefects/Free_Fire/Shared/Materials/MI_VFX_Fire_02.uasset" 683
"C:/Users/keega/OneDrive/Desktop/GitHub/ChungusInteractive/SandsOfSet/Content/Vefects/Free_Fire/Shared/Materials/MI_VFX_Fire_02.uexp" 684
"C:/Users/keega/OneDrive/Desktop/GitHub/ChungusInteractive/SandsOfSet/Content/Vefects/Free_Fire/Shared/Textures/T_VFX_Ash_01.ubulk" 685
"C:/Users/keega/OneDrive/Desktop/GitHub/ChungusInteractive/SandsOfSet/Content/Vefects/Free_Fire/Shared/Textures/T_VFX_Ash_01.uasset" 686
"C:/Users/keega/OneDrive/Desktop/GitHub/ChungusInteractive/SandsOfSet/Content/Vefects/Free_Fire/Shared/Textures/T_VFX_Ash_01.uexp" 687
"C:/Users/keega/OneDrive/Desktop/GitHub/ChungusInteractive/SandsOfSet/Content/Vefects/Free_Fire/Shared/Materials/M_VFX_HeatDistortion.uasset" 688
"C:/Users/keega/OneDrive/Desktop/GitHub/ChungusInteractive/SandsOfSet/Content/Vefects/Free_Fire/Shared/Materials/M_VFX_HeatDistortion.uexp" 689
"C:/Users/keega/OneDrive/Desktop/GitHub/ChungusInteractive/SandsOfSet/Content/Vefects/Free_Fire/Shared/Materials/MI_VFX_HeatDistortion_Strong.uasset" 690
"C:/Users/keega/OneDrive/Desktop/GitHub/ChungusInteractive/SandsOfSet/Content/Vefects/Free_Fire/Shared/Materials/MI_VFX_HeatDistortion_Strong.uexp" 691
"C:/Users/keega/OneDrive/Desktop/GitHub/ChungusInteractive/SandsOfSet/Content/Vefects/Free_Fire/Shared/Textures/T_VFX_Glow_01.ubulk" 692
"C:/Users/keega/OneDrive/Desktop/GitHub/ChungusInteractive/SandsOfSet/Content/Vefects/Free_Fire/Shared/Textures/T_VFX_Glow_01.uasset" 693
"C:/Users/keega/OneDrive/Desktop/GitHub/ChungusInteractive/SandsOfSet/Content/Vefects/Free_Fire/Shared/Textures/T_VFX_Glow_01.uexp" 694
"C:/Users/keega/OneDrive/Desktop/GitHub/ChungusInteractive/SandsOfSet/Content/Vefects/Free_Fire/Shared/Materials/MI_VFX_Glow_01.uasset" 695
"C:/Users/keega/OneDrive/Desktop/GitHub/ChungusInteractive/SandsOfSet/Content/Vefects/Free_Fire/Shared/Materials/MI_VFX_Glow_01.uexp" 696
"C:/Users/keega/OneDrive/Desktop/GitHub/ChungusInteractive/SandsOfSet/Content/Vefects/Free_Fire/Shared/Particles/NS_Fire_Small.uasset" 697
"C:/Users/keega/OneDrive/Desktop/GitHub/ChungusInteractive/SandsOfSet/Content/Vefects/Free_Fire/Shared/Particles/NS_Fire_Small.uexp" 698
"C:/Users/keega/OneDrive/Desktop/GitHub/ChungusInteractive/SandsOfSet/Content/Vefects/Free_Fire/Shared/Particles/NS_Fire_Medium.uasset" 699
"C:/Users/keega/OneDrive/Desktop/GitHub/ChungusInteractive/SandsOfSet/Content/Vefects/Free_Fire/Shared/Particles/NS_Fire_Medium.uexp" 700
"C:/Users/keega/OneDrive/Desktop/GitHub/ChungusInteractive/SandsOfSet/Content/Vefects/Free_Fire/Shared/Textures/T_VFX_Noise_08.ubulk" 701
"C:/Users/keega/OneDrive/Desktop/GitHub/ChungusInteractive/SandsOfSet/Content/Vefects/Free_Fire/Shared/Textures/T_VFX_Noise_08.uasset" 702
"C:/Users/keega/OneDrive/Desktop/GitHub/ChungusInteractive/SandsOfSet/Content/Vefects/Free_Fire/Shared/Textures/T_VFX_Noise_08.uexp" 703
"C:/Users/keega/OneDrive/Desktop/GitHub/ChungusInteractive/SandsOfSet/Content/Vefects/Free_Fire/Shared/Textures/T_VFX_Directional_Dust_01.ubulk" 704
"C:/Users/keega/OneDrive/Desktop/GitHub/ChungusInteractive/SandsOfSet/Content/Vefects/Free_Fire/Shared/Textures/T_VFX_Directional_Dust_01.uasset" 705
"C:/Users/keega/OneDrive/Desktop/GitHub/ChungusInteractive/SandsOfSet/Content/Vefects/Free_Fire/Shared/Textures/T_VFX_Directional_Dust_01.uexp" 706
"C:/Users/keega/OneDrive/Desktop/GitHub/ChungusInteractive/SandsOfSet/Content/Vefects/Free_Fire/Shared/Materials/MI_VFX_FireQuad_02.uasset" 707
"C:/Users/keega/OneDrive/Desktop/GitHub/ChungusInteractive/SandsOfSet/Content/Vefects/Free_Fire/Shared/Materials/MI_VFX_FireQuad_02.uexp" 708
"C:/Users/keega/OneDrive/Desktop/GitHub/ChungusInteractive/SandsOfSet/Content/Vefects/Free_Fire/Shared/Particles/NS_Fire_Floor_02_Simple.uasset" 709
"C:/Users/keega/OneDrive/Desktop/GitHub/ChungusInteractive/SandsOfSet/Content/Vefects/Free_Fire/Shared/Particles/NS_Fire_Floor_02_Simple.uexp" 710
"C:/Users/keega/OneDrive/Desktop/GitHub/ChungusInteractive/SandsOfSet/Content/Materials/mat_SpriteParticle.uasset" 711
"C:/Users/keega/OneDrive/Desktop/GitHub/ChungusInteractive/SandsOfSet/Content/Materials/mat_SpriteParticle.uexp" 712
"C:/Users/keega/OneDrive/Desktop/GitHub/ChungusInteractive/SandsOfSet/Content/Materials/SpriteSheets/BloodParticleSystem.uasset" 713
"C:/Users/keega/OneDrive/Desktop/GitHub/ChungusInteractive/SandsOfSet/Content/Materials/SpriteSheets/BloodParticleSystem.uexp" 714
"C:/Users/keega/OneDrive/Desktop/GitHub/ChungusInteractive/SandsOfSet/Content/Materials/mat_SpriteParticle_Blood.uasset" 715
"C:/Users/keega/OneDrive/Desktop/GitHub/ChungusInteractive/SandsOfSet/Content/Materials/mat_SpriteParticle_Blood.uexp" 716
"C:/Users/keega/OneDrive/Desktop/GitHub/ChungusInteractive/SandsOfSet/Content/Materials/SpriteSheets/SandyFootstepParticleSystem.uasset" 717
"C:/Users/keega/OneDrive/Desktop/GitHub/ChungusInteractive/SandsOfSet/Content/Materials/SpriteSheets/SandyFootstepParticleSystem.uexp" 718
"C:/Users/keega/OneDrive/Desktop/GitHub/ChungusInteractive/SandsOfSet/Content/Materials/mat_SpriteParticle_SandyPoof.uasset" 719
"C:/Users/keega/OneDrive/Desktop/GitHub/ChungusInteractive/SandsOfSet/Content/Materials/mat_SpriteParticle_SandyPoof.uexp" 720
"C:/Users/keega/OneDrive/Desktop/GitHub/ChungusInteractive/SandsOfSet/Content/ParticleSystems/nia_SandyFootstep.uasset" 721
"C:/Users/keega/OneDrive/Desktop/GitHub/ChungusInteractive/SandsOfSet/Content/ParticleSystems/nia_SandyFootstep.uexp" 722
"C:/Users/keega/OneDrive/Desktop/GitHub/ChungusInteractive/SandsOfSet/Content/LevelOnePuzzles/Light/Use_Interface.uasset" 723
"C:/Users/keega/OneDrive/Desktop/GitHub/ChungusInteractive/SandsOfSet/Content/LevelOnePuzzles/Light/Use_Interface.uexp" 724
"C:/Users/keega/OneDrive/Desktop/GitHub/ChungusInteractive/SandsOfSet/Content/LevelOnePuzzles/Light/BP_fire_brazier_puzzle_piece.uasset" 725
"C:/Users/keega/OneDrive/Desktop/GitHub/ChungusInteractive/SandsOfSet/Content/LevelOnePuzzles/Light/BP_fire_brazier_puzzle_piece.uexp" 726
"C:/Users/keega/OneDrive/Desktop/GitHub/ChungusInteractive/SandsOfSet/Content/LevelOnePuzzles/Light/BP_LightDoorFIREV2.uasset" 727
"C:/Users/keega/OneDrive/Desktop/GitHub/ChungusInteractive/SandsOfSet/Content/LevelOnePuzzles/Light/BP_LightDoorFIREV2.uexp" 728
"C:/Users/keega/OneDrive/Desktop/GitHub/ChungusInteractive/SandsOfSet/Content/LevelOnePuzzles/Light/BP_Puzzle_Manager.uasset" 729
"C:/Users/keega/OneDrive/Desktop/GitHub/ChungusInteractive/SandsOfSet/Content/LevelOnePuzzles/Light/BP_Puzzle_Manager.uexp" 730
"C:/Users/keega/OneDrive/Desktop/GitHub/ChungusInteractive/SandsOfSet/Content/Models/Miles/Lever.ubulk" 731
"C:/Users/keega/OneDrive/Desktop/GitHub/ChungusInteractive/SandsOfSet/Content/Models/Miles/Lever.uasset" 732
"C:/Users/keega/OneDrive/Desktop/GitHub/ChungusInteractive/SandsOfSet/Content/Models/Miles/Lever.uexp" 733
"C:/Users/keega/OneDrive/Desktop/GitHub/ChungusInteractive/SandsOfSet/Content/LevelOnePuzzles/Light/BP_PuzzleChecker_ButtonFIRE.uasset" 734
"C:/Users/keega/OneDrive/Desktop/GitHub/ChungusInteractive/SandsOfSet/Content/LevelOnePuzzles/Light/BP_PuzzleChecker_ButtonFIRE.uexp" 735
"C:/Users/keega/OneDrive/Desktop/GitHub/ChungusInteractive/SandsOfSet/Content/LevelOnePuzzles/Light/BP_LightDoorFIRE.uasset" 736
"C:/Users/keega/OneDrive/Desktop/GitHub/ChungusInteractive/SandsOfSet/Content/LevelOnePuzzles/Light/BP_LightDoorFIRE.uexp" 737
"C:/Users/keega/OneDrive/Desktop/GitHub/ChungusInteractive/SandsOfSet/Content/LevelOnePuzzles/Light/BP_Light_PuzzlePice.uasset" 738
"C:/Users/keega/OneDrive/Desktop/GitHub/ChungusInteractive/SandsOfSet/Content/LevelOnePuzzles/Light/BP_Light_PuzzlePice.uexp" 739
"C:/Users/keega/OneDrive/Desktop/GitHub/ChungusInteractive/SandsOfSet/Content/LevelOnePuzzles/Light/BP_PuzzleChecker_Button.uasset" 740
"C:/Users/keega/OneDrive/Desktop/GitHub/ChungusInteractive/SandsOfSet/Content/LevelOnePuzzles/Light/BP_PuzzleChecker_Button.uexp" 741
"C:/Users/keega/OneDrive/Desktop/GitHub/ChungusInteractive/SandsOfSet/Content/LevelOnePuzzles/Light/BP_LightDoor.uasset" 742
"C:/Users/keega/OneDrive/Desktop/GitHub/ChungusInteractive/SandsOfSet/Content/LevelOnePuzzles/Light/BP_LightDoor.uexp" 743
"C:/Users/keega/OneDrive/Desktop/GitHub/ChungusInteractive/SandsOfSet/Content/Materials/Temp_Red.uasset" 744
"C:/Users/keega/OneDrive/Desktop/GitHub/ChungusInteractive/SandsOfSet/Content/Materials/Temp_Red.uexp" 745
"C:/Users/keega/OneDrive/Desktop/GitHub/ChungusInteractive/SandsOfSet/Content/LevelOnePuzzles/PushingBlock/BP_MoveableCube.uasset" 746
"C:/Users/keega/OneDrive/Desktop/GitHub/ChungusInteractive/SandsOfSet/Content/LevelOnePuzzles/PushingBlock/BP_MoveableCube.uexp" 747
"C:/Users/keega/OneDrive/Desktop/GitHub/ChungusInteractive/SandsOfSet/Content/Materials/M_Gold.uasset" 748
"C:/Users/keega/OneDrive/Desktop/GitHub/ChungusInteractive/SandsOfSet/Content/Materials/M_Gold.uexp" 749
"C:/Users/keega/OneDrive/Desktop/GitHub/ChungusInteractive/SandsOfSet/Content/LevelOnePuzzles/DoorButton/BP_DoorCamera.uasset" 750
"C:/Users/keega/OneDrive/Desktop/GitHub/ChungusInteractive/SandsOfSet/Content/LevelOnePuzzles/DoorButton/BP_DoorCamera.uexp" 751
"C:/Users/keega/OneDrive/Desktop/GitHub/ChungusInteractive/SandsOfSet/Content/LevelOnePuzzles/DoorButton/BP_Button.uasset" 752
"C:/Users/keega/OneDrive/Desktop/GitHub/ChungusInteractive/SandsOfSet/Content/LevelOnePuzzles/DoorButton/BP_Button.uexp" 753
"C:/Users/keega/OneDrive/Desktop/GitHub/ChungusInteractive/SandsOfSet/Content/Actors/Collectables/Ability_TrueSight.uasset" 754
"C:/Users/keega/OneDrive/Desktop/GitHub/ChungusInteractive/SandsOfSet/Content/Actors/Collectables/Ability_TrueSight.uexp" 755
"C:/Users/keega/OneDrive/Desktop/GitHub/ChungusInteractive/SandsOfSet/Content/Actors/Collectables/Ability_Dash.uasset" 756
"C:/Users/keega/OneDrive/Desktop/GitHub/ChungusInteractive/SandsOfSet/Content/Actors/Collectables/Ability_Dash.uexp" 757
"../../../Engine/Content/EngineMaterials/BlendFunc_DefBlend.uasset" 758
"../../../Engine/Content/EngineMaterials/BlendFunc_DefBlend.uexp" 759
"../../../Engine/Content/EngineMaterials/BlendFunc_DefBase.uasset" 760
"../../../Engine/Content/EngineMaterials/BlendFunc_DefBase.uexp" 761
"../../../Engine/Content/Functions/Engine_MaterialFunctions03/Blends/Blend_Overlay.uasset" 762
"../../../Engine/Content/Functions/Engine_MaterialFunctions03/Blends/Blend_Overlay.uexp" 763
"../../../Engine/Content/OpenWorldTemplate/LandscapeMaterial/T_GridChecker_A.ubulk" 764
"../../../Engine/Content/OpenWorldTemplate/LandscapeMaterial/T_GridChecker_A.uasset" 765
"../../../Engine/Content/OpenWorldTemplate/LandscapeMaterial/T_GridChecker_A.uexp" 766
"../../../Engine/Content/OpenWorldTemplate/LandscapeMaterial/MF_ProcGrid.uasset" 767
"../../../Engine/Content/OpenWorldTemplate/LandscapeMaterial/MF_ProcGrid.uexp" 768
"../../../Engine/Content/OpenWorldTemplate/LandscapeMaterial/M_ProcGrid.uasset" 769
"../../../Engine/Content/OpenWorldTemplate/LandscapeMaterial/M_ProcGrid.uexp" 770
"C:/Users/keega/OneDrive/Desktop/GitHub/ChungusInteractive/SandsOfSet/Content/Materials/Textures/Sandfloor.ubulk" 771
"C:/Users/keega/OneDrive/Desktop/GitHub/ChungusInteractive/SandsOfSet/Content/Materials/Textures/Sandfloor.uasset" 772
"C:/Users/keega/OneDrive/Desktop/GitHub/ChungusInteractive/SandsOfSet/Content/Materials/Textures/Sandfloor.uexp" 773
"C:/Users/keega/OneDrive/Desktop/GitHub/ChungusInteractive/SandsOfSet/Content/Materials/Textures/Sandfloor_Mat.uasset" 774
"C:/Users/keega/OneDrive/Desktop/GitHub/ChungusInteractive/SandsOfSet/Content/Materials/Textures/Sandfloor_Mat.uexp" 775
"../../../Engine/Content/BasicShapes/Plane.ubulk" 776
"../../../Engine/Content/BasicShapes/Plane.uasset" 777
"../../../Engine/Content/BasicShapes/Plane.uexp" 778
"C:/Users/keega/OneDrive/Desktop/GitHub/ChungusInteractive/SandsOfSet/Content/Characters/Mannequins/Meshes/SK_Mannequin.uasset" 779
"C:/Users/keega/OneDrive/Desktop/GitHub/ChungusInteractive/SandsOfSet/Content/Characters/Mannequins/Meshes/SK_Mannequin.uexp" 780
"../../../Engine/Content/Animation/DefaultVariableFrameStrippingSettings.uasset" 781
"../../../Engine/Content/Animation/DefaultVariableFrameStrippingSettings.uexp" 782
"../../../Engine/Content/Animation/DefaultAnimCurveCompressionSettings.uasset" 783
"../../../Engine/Content/Animation/DefaultAnimCurveCompressionSettings.uexp" 784
"../../../Engine/Content/Animation/DefaultAnimBoneCompressionSettings.uasset" 785
"../../../Engine/Content/Animation/DefaultAnimBoneCompressionSettings.uexp" 786
"C:/Users/keega/OneDrive/Desktop/GitHub/ChungusInteractive/SandsOfSet/Content/Characters/Mannequins/Anims/Unarmed/MM_Idle.uasset" 787
"C:/Users/keega/OneDrive/Desktop/GitHub/ChungusInteractive/SandsOfSet/Content/Characters/Mannequins/Anims/Unarmed/MM_Idle.uexp" 788
"C:/Users/keega/OneDrive/Desktop/GitHub/ChungusInteractive/SandsOfSet/Content/Characters/Mannequins/Anims/Unarmed/Jog/MF_Unarmed_Jog_Bwd.uasset" 789
"C:/Users/keega/OneDrive/Desktop/GitHub/ChungusInteractive/SandsOfSet/Content/Characters/Mannequins/Anims/Unarmed/Jog/MF_Unarmed_Jog_Bwd.uexp" 790
"../../../Engine/Plugins/Animation/ACLPlugin/Content/ACLAnimCurveCompressionSettings.uasset" 791
"../../../Engine/Plugins/Animation/ACLPlugin/Content/ACLAnimCurveCompressionSettings.uexp" 792
"../../../Engine/Content/Animation/DefaultRecorderBoneCompression.uasset" 793
"../../../Engine/Content/Animation/DefaultRecorderBoneCompression.uexp" 794
"C:/Users/keega/OneDrive/Desktop/GitHub/ChungusInteractive/SandsOfSet/Content/Characters/Mannequins/Anims/Unarmed/Jog/MF_Unarmed_Jog_Bwd_Left.uasset" 795
"C:/Users/keega/OneDrive/Desktop/GitHub/ChungusInteractive/SandsOfSet/Content/Characters/Mannequins/Anims/Unarmed/Jog/MF_Unarmed_Jog_Bwd_Left.uexp" 796
"C:/Users/keega/OneDrive/Desktop/GitHub/ChungusInteractive/SandsOfSet/Content/Characters/Mannequins/Anims/Unarmed/Jog/MF_Unarmed_Jog_Bwd_Right.uasset" 797
"C:/Users/keega/OneDrive/Desktop/GitHub/ChungusInteractive/SandsOfSet/Content/Characters/Mannequins/Anims/Unarmed/Jog/MF_Unarmed_Jog_Bwd_Right.uexp" 798
"C:/Users/keega/OneDrive/Desktop/GitHub/ChungusInteractive/SandsOfSet/Content/Characters/Mannequins/Anims/Unarmed/Jog/MF_Unarmed_Jog_Fwd.uasset" 799
"C:/Users/keega/OneDrive/Desktop/GitHub/ChungusInteractive/SandsOfSet/Content/Characters/Mannequins/Anims/Unarmed/Jog/MF_Unarmed_Jog_Fwd.uexp" 800
"C:/Users/keega/OneDrive/Desktop/GitHub/ChungusInteractive/SandsOfSet/Content/Characters/Mannequins/Anims/Unarmed/Jog/MF_Unarmed_Jog_Fwd_Left.uasset" 801
"C:/Users/keega/OneDrive/Desktop/GitHub/ChungusInteractive/SandsOfSet/Content/Characters/Mannequins/Anims/Unarmed/Jog/MF_Unarmed_Jog_Fwd_Left.uexp" 802
"C:/Users/keega/OneDrive/Desktop/GitHub/ChungusInteractive/SandsOfSet/Content/Characters/Mannequins/Anims/Unarmed/Jog/MF_Unarmed_Jog_Fwd_Right.uasset" 803
"C:/Users/keega/OneDrive/Desktop/GitHub/ChungusInteractive/SandsOfSet/Content/Characters/Mannequins/Anims/Unarmed/Jog/MF_Unarmed_Jog_Fwd_Right.uexp" 804
"C:/Users/keega/OneDrive/Desktop/GitHub/ChungusInteractive/SandsOfSet/Content/Characters/Mannequins/Anims/Unarmed/Jog/MF_Unarmed_Jog_Left.uasset" 805
"C:/Users/keega/OneDrive/Desktop/GitHub/ChungusInteractive/SandsOfSet/Content/Characters/Mannequins/Anims/Unarmed/Jog/MF_Unarmed_Jog_Left.uexp" 806
"C:/Users/keega/OneDrive/Desktop/GitHub/ChungusInteractive/SandsOfSet/Content/Characters/Mannequins/Anims/Unarmed/Jog/MF_Unarmed_Jog_Right.uasset" 807
"C:/Users/keega/OneDrive/Desktop/GitHub/ChungusInteractive/SandsOfSet/Content/Characters/Mannequins/Anims/Unarmed/Jog/MF_Unarmed_Jog_Right.uexp" 808
"C:/Users/keega/OneDrive/Desktop/GitHub/ChungusInteractive/SandsOfSet/Content/Characters/Mannequins/Anims/Unarmed/Walk/MF_Unarmed_Walk_Bwd.uasset" 809
"C:/Users/keega/OneDrive/Desktop/GitHub/ChungusInteractive/SandsOfSet/Content/Characters/Mannequins/Anims/Unarmed/Walk/MF_Unarmed_Walk_Bwd.uexp" 810
"C:/Users/keega/OneDrive/Desktop/GitHub/ChungusInteractive/SandsOfSet/Content/Characters/Mannequins/Anims/Unarmed/Walk/MF_Unarmed_Walk_Bwd_Left.uasset" 811
"C:/Users/keega/OneDrive/Desktop/GitHub/ChungusInteractive/SandsOfSet/Content/Characters/Mannequins/Anims/Unarmed/Walk/MF_Unarmed_Walk_Bwd_Left.uexp" 812
"C:/Users/keega/OneDrive/Desktop/GitHub/ChungusInteractive/SandsOfSet/Content/Characters/Mannequins/Anims/Unarmed/Walk/MF_Unarmed_Walk_Bwd_Right.uasset" 813
"C:/Users/keega/OneDrive/Desktop/GitHub/ChungusInteractive/SandsOfSet/Content/Characters/Mannequins/Anims/Unarmed/Walk/MF_Unarmed_Walk_Bwd_Right.uexp" 814
"C:/Users/keega/OneDrive/Desktop/GitHub/ChungusInteractive/SandsOfSet/Content/Characters/Mannequins/Anims/Unarmed/Walk/MF_Unarmed_Walk_Fwd.uasset" 815
"C:/Users/keega/OneDrive/Desktop/GitHub/ChungusInteractive/SandsOfSet/Content/Characters/Mannequins/Anims/Unarmed/Walk/MF_Unarmed_Walk_Fwd.uexp" 816
"C:/Users/keega/OneDrive/Desktop/GitHub/ChungusInteractive/SandsOfSet/Content/Characters/Mannequins/Anims/Unarmed/Walk/MF_Unarmed_Walk_Fwd_Left.uasset" 817
"C:/Users/keega/OneDrive/Desktop/GitHub/ChungusInteractive/SandsOfSet/Content/Characters/Mannequins/Anims/Unarmed/Walk/MF_Unarmed_Walk_Fwd_Left.uexp" 818
"C:/Users/keega/OneDrive/Desktop/GitHub/ChungusInteractive/SandsOfSet/Content/Characters/Mannequins/Anims/Unarmed/Walk/MF_Unarmed_Walk_Fwd_Right.uasset" 819
"C:/Users/keega/OneDrive/Desktop/GitHub/ChungusInteractive/SandsOfSet/Content/Characters/Mannequins/Anims/Unarmed/Walk/MF_Unarmed_Walk_Fwd_Right.uexp" 820
"C:/Users/keega/OneDrive/Desktop/GitHub/ChungusInteractive/SandsOfSet/Content/Characters/Mannequins/Anims/Unarmed/Walk/MF_Unarmed_Walk_Left.uasset" 821
"C:/Users/keega/OneDrive/Desktop/GitHub/ChungusInteractive/SandsOfSet/Content/Characters/Mannequins/Anims/Unarmed/Walk/MF_Unarmed_Walk_Left.uexp" 822
"C:/Users/keega/OneDrive/Desktop/GitHub/ChungusInteractive/SandsOfSet/Content/Characters/Mannequins/Anims/Unarmed/Walk/MF_Unarmed_Walk_Right.uasset" 823
"C:/Users/keega/OneDrive/Desktop/GitHub/ChungusInteractive/SandsOfSet/Content/Characters/Mannequins/Anims/Unarmed/Walk/MF_Unarmed_Walk_Right.uexp" 824
"C:/Users/keega/OneDrive/Desktop/GitHub/ChungusInteractive/SandsOfSet/Content/Characters/Mannequins/Anims/Unarmed/BS_Idle_Walk_Run.uasset" 825
"C:/Users/keega/OneDrive/Desktop/GitHub/ChungusInteractive/SandsOfSet/Content/Characters/Mannequins/Anims/Unarmed/BS_Idle_Walk_Run.uexp" 826
"../../../Engine/Plugins/Animation/ControlRig/Content/Controls/DefaultGizmoLibraryNormalized.uasset" 827
"../../../Engine/Plugins/Animation/ControlRig/Content/Controls/DefaultGizmoLibraryNormalized.uexp" 828
"C:/Users/keega/OneDrive/Desktop/GitHub/ChungusInteractive/SandsOfSet/Content/Characters/Mannequins/Rigs/CR_Mannequin_FootIK.uasset" 829
"C:/Users/keega/OneDrive/Desktop/GitHub/ChungusInteractive/SandsOfSet/Content/Characters/Mannequins/Rigs/CR_Mannequin_FootIK.uexp" 830
"C:/Users/keega/OneDrive/Desktop/GitHub/ChungusInteractive/SandsOfSet/Content/Characters/Mannequins/Anims/Unarmed/Jump/MM_Fall_Loop.uasset" 831
"C:/Users/keega/OneDrive/Desktop/GitHub/ChungusInteractive/SandsOfSet/Content/Characters/Mannequins/Anims/Unarmed/Jump/MM_Fall_Loop.uexp" 832
"C:/Users/keega/OneDrive/Desktop/GitHub/ChungusInteractive/SandsOfSet/Content/Characters/Mannequins/Anims/Unarmed/Jump/MM_Jump.uasset" 833
"C:/Users/keega/OneDrive/Desktop/GitHub/ChungusInteractive/SandsOfSet/Content/Characters/Mannequins/Anims/Unarmed/Jump/MM_Jump.uexp" 834
"C:/Users/keega/OneDrive/Desktop/GitHub/ChungusInteractive/SandsOfSet/Content/Characters/Mannequins/Anims/Unarmed/Jump/MM_Land.uasset" 835
"C:/Users/keega/OneDrive/Desktop/GitHub/ChungusInteractive/SandsOfSet/Content/Characters/Mannequins/Anims/Unarmed/Jump/MM_Land.uexp" 836
"C:/Users/keega/OneDrive/Desktop/GitHub/ChungusInteractive/SandsOfSet/Content/Characters/Mannequins/Anims/Unarmed/ABP_Unarmed.uasset" 837
"C:/Users/keega/OneDrive/Desktop/GitHub/ChungusInteractive/SandsOfSet/Content/Characters/Mannequins/Anims/Unarmed/ABP_Unarmed.uexp" 838
"C:/Users/keega/OneDrive/Desktop/GitHub/ChungusInteractive/SandsOfSet/Content/Characters/Mannequins/Rigs/PA_Mannequin.uasset" 839
"C:/Users/keega/OneDrive/Desktop/GitHub/ChungusInteractive/SandsOfSet/Content/Characters/Mannequins/Rigs/PA_Mannequin.uexp" 840
"C:/Users/keega/OneDrive/Desktop/GitHub/ChungusInteractive/SandsOfSet/Content/Characters/Mannequins/Textures/Quinn/T_Quinn_01_N.ubulk" 841
"C:/Users/keega/OneDrive/Desktop/GitHub/ChungusInteractive/SandsOfSet/Content/Characters/Mannequins/Textures/Quinn/T_Quinn_01_N.uasset" 842
"C:/Users/keega/OneDrive/Desktop/GitHub/ChungusInteractive/SandsOfSet/Content/Characters/Mannequins/Textures/Quinn/T_Quinn_01_N.uexp" 843
"C:/Users/keega/OneDrive/Desktop/GitHub/ChungusInteractive/SandsOfSet/Content/Characters/Mannequins/Textures/Quinn/T_Quinn_01_MRA.ubulk" 844
"C:/Users/keega/OneDrive/Desktop/GitHub/ChungusInteractive/SandsOfSet/Content/Characters/Mannequins/Textures/Quinn/T_Quinn_01_MRA.uasset" 845
"C:/Users/keega/OneDrive/Desktop/GitHub/ChungusInteractive/SandsOfSet/Content/Characters/Mannequins/Textures/Quinn/T_Quinn_01_MRA.uexp" 846
"C:/Users/keega/OneDrive/Desktop/GitHub/ChungusInteractive/SandsOfSet/Content/Characters/Mannequins/Textures/Quinn/T_Quinn_01_D.ubulk" 847
"C:/Users/keega/OneDrive/Desktop/GitHub/ChungusInteractive/SandsOfSet/Content/Characters/Mannequins/Textures/Quinn/T_Quinn_01_D.uasset" 848
"C:/Users/keega/OneDrive/Desktop/GitHub/ChungusInteractive/SandsOfSet/Content/Characters/Mannequins/Textures/Quinn/T_Quinn_01_D.uexp" 849
"C:/Users/keega/OneDrive/Desktop/GitHub/ChungusInteractive/SandsOfSet/Content/Characters/Mannequins/Textures/Shared/T_UE_Logo_M.uasset" 850
"C:/Users/keega/OneDrive/Desktop/GitHub/ChungusInteractive/SandsOfSet/Content/Characters/Mannequins/Textures/Shared/T_UE_Logo_M.uexp" 851
"C:/Users/keega/OneDrive/Desktop/GitHub/ChungusInteractive/SandsOfSet/Content/Characters/Mannequins/Textures/Manny/T_Manny_01_MRA.ubulk" 852
"C:/Users/keega/OneDrive/Desktop/GitHub/ChungusInteractive/SandsOfSet/Content/Characters/Mannequins/Textures/Manny/T_Manny_01_MRA.uasset" 853
"C:/Users/keega/OneDrive/Desktop/GitHub/ChungusInteractive/SandsOfSet/Content/Characters/Mannequins/Textures/Manny/T_Manny_01_MRA.uexp" 854
"C:/Users/keega/OneDrive/Desktop/GitHub/ChungusInteractive/SandsOfSet/Content/Characters/Mannequins/Textures/Manny/T_Manny_01_D.ubulk" 855
"C:/Users/keega/OneDrive/Desktop/GitHub/ChungusInteractive/SandsOfSet/Content/Characters/Mannequins/Textures/Manny/T_Manny_01_D.uasset" 856
"C:/Users/keega/OneDrive/Desktop/GitHub/ChungusInteractive/SandsOfSet/Content/Characters/Mannequins/Textures/Manny/T_Manny_01_D.uexp" 857
"C:/Users/keega/OneDrive/Desktop/GitHub/ChungusInteractive/SandsOfSet/Content/Characters/Mannequins/Textures/Manny/T_Manny_01_BN.ubulk" 858
"C:/Users/keega/OneDrive/Desktop/GitHub/ChungusInteractive/SandsOfSet/Content/Characters/Mannequins/Textures/Manny/T_Manny_01_BN.uasset" 859
"C:/Users/keega/OneDrive/Desktop/GitHub/ChungusInteractive/SandsOfSet/Content/Characters/Mannequins/Textures/Manny/T_Manny_01_BN.uexp" 860
"C:/Users/keega/OneDrive/Desktop/GitHub/ChungusInteractive/SandsOfSet/Content/Characters/Mannequins/Materials/M_Mannequin.uasset" 861
"C:/Users/keega/OneDrive/Desktop/GitHub/ChungusInteractive/SandsOfSet/Content/Characters/Mannequins/Materials/M_Mannequin.uexp" 862
"C:/Users/keega/OneDrive/Desktop/GitHub/ChungusInteractive/SandsOfSet/Content/Characters/Mannequins/Materials/Quinn/MI_Quinn_01.uasset" 863
"C:/Users/keega/OneDrive/Desktop/GitHub/ChungusInteractive/SandsOfSet/Content/Characters/Mannequins/Materials/Quinn/MI_Quinn_01.uexp" 864
"C:/Users/keega/OneDrive/Desktop/GitHub/ChungusInteractive/SandsOfSet/Content/Characters/Mannequins/Textures/Quinn/T_Quinn_02_N.ubulk" 865
"C:/Users/keega/OneDrive/Desktop/GitHub/ChungusInteractive/SandsOfSet/Content/Characters/Mannequins/Textures/Quinn/T_Quinn_02_N.uasset" 866
"C:/Users/keega/OneDrive/Desktop/GitHub/ChungusInteractive/SandsOfSet/Content/Characters/Mannequins/Textures/Quinn/T_Quinn_02_N.uexp" 867
"C:/Users/keega/OneDrive/Desktop/GitHub/ChungusInteractive/SandsOfSet/Content/Characters/Mannequins/Textures/Quinn/T_Quinn_02_MRA.ubulk" 868
"C:/Users/keega/OneDrive/Desktop/GitHub/ChungusInteractive/SandsOfSet/Content/Characters/Mannequins/Textures/Quinn/T_Quinn_02_MRA.uasset" 869
"C:/Users/keega/OneDrive/Desktop/GitHub/ChungusInteractive/SandsOfSet/Content/Characters/Mannequins/Textures/Quinn/T_Quinn_02_MRA.uexp" 870
"C:/Users/keega/OneDrive/Desktop/GitHub/ChungusInteractive/SandsOfSet/Content/Characters/Mannequins/Textures/Quinn/T_Quinn_02_D.ubulk" 871
"C:/Users/keega/OneDrive/Desktop/GitHub/ChungusInteractive/SandsOfSet/Content/Characters/Mannequins/Textures/Quinn/T_Quinn_02_D.uasset" 872
"C:/Users/keega/OneDrive/Desktop/GitHub/ChungusInteractive/SandsOfSet/Content/Characters/Mannequins/Textures/Quinn/T_Quinn_02_D.uexp" 873
"C:/Users/keega/OneDrive/Desktop/GitHub/ChungusInteractive/SandsOfSet/Content/Characters/Mannequins/Materials/Quinn/MI_Quinn_02.uasset" 874
"C:/Users/keega/OneDrive/Desktop/GitHub/ChungusInteractive/SandsOfSet/Content/Characters/Mannequins/Materials/Quinn/MI_Quinn_02.uexp" 875
"C:/Users/keega/OneDrive/Desktop/GitHub/ChungusInteractive/SandsOfSet/Content/Characters/Mannequins/Meshes/SKM_Quinn_Simple.uasset" 876
"C:/Users/keega/OneDrive/Desktop/GitHub/ChungusInteractive/SandsOfSet/Content/Characters/Mannequins/Meshes/SKM_Quinn_Simple.uexp" 877
"C:/Users/keega/OneDrive/Desktop/GitHub/ChungusInteractive/SandsOfSet/Content/ThirdPerson/Blueprints/BP_ThirdPersonCharacter.uasset" 878
"C:/Users/keega/OneDrive/Desktop/GitHub/ChungusInteractive/SandsOfSet/Content/ThirdPerson/Blueprints/BP_ThirdPersonCharacter.uexp" 879
"C:/Users/keega/OneDrive/Desktop/GitHub/ChungusInteractive/SandsOfSet/Content/LevelOnePuzzles/PaintingPuzzle/BP_PuzzleMaster.uasset" 880
"C:/Users/keega/OneDrive/Desktop/GitHub/ChungusInteractive/SandsOfSet/Content/LevelOnePuzzles/PaintingPuzzle/BP_PuzzleMaster.uexp" 881
"C:/Users/keega/OneDrive/Desktop/GitHub/ChungusInteractive/SandsOfSet/Content/LevelOnePuzzles/PaintingPuzzle/Puzzles/Placeholders/egyptian-hieroglyph-graphic-png-25-7ics6i11ls04p19w.uasset" 882
"C:/Users/keega/OneDrive/Desktop/GitHub/ChungusInteractive/SandsOfSet/Content/LevelOnePuzzles/PaintingPuzzle/Puzzles/Placeholders/egyptian-hieroglyph-graphic-png-25-7ics6i11ls04p19w.uexp" 883
"C:/Users/keega/OneDrive/Desktop/GitHub/ChungusInteractive/SandsOfSet/Content/LevelOnePuzzles/PaintingPuzzle/Puzzles/Placeholders/M_ImagePlaceHolder.uasset" 884
"C:/Users/keega/OneDrive/Desktop/GitHub/ChungusInteractive/SandsOfSet/Content/LevelOnePuzzles/PaintingPuzzle/Puzzles/Placeholders/M_ImagePlaceHolder.uexp" 885
"C:/Users/keega/OneDrive/Desktop/GitHub/ChungusInteractive/SandsOfSet/Content/LevelOnePuzzles/PaintingPuzzle/Puzzles/BP_PictureFrameMaster_Puzzle.uasset" 886
"C:/Users/keega/OneDrive/Desktop/GitHub/ChungusInteractive/SandsOfSet/Content/LevelOnePuzzles/PaintingPuzzle/Puzzles/BP_PictureFrameMaster_Puzzle.uexp" 887
"C:/Users/keega/OneDrive/Desktop/GitHub/ChungusInteractive/SandsOfSet/Content/LevelOnePuzzles/PaintingPuzzle/Puzzles/BP_PictureFrame03_Puzzle.uasset" 888
"C:/Users/keega/OneDrive/Desktop/GitHub/ChungusInteractive/SandsOfSet/Content/LevelOnePuzzles/PaintingPuzzle/Puzzles/BP_PictureFrame03_Puzzle.uexp" 889
"C:/Users/keega/OneDrive/Desktop/GitHub/ChungusInteractive/SandsOfSet/Content/LevelOnePuzzles/PaintingPuzzle/Puzzles/BP_PictureFrame02_Puzzle_.uasset" 890
"C:/Users/keega/OneDrive/Desktop/GitHub/ChungusInteractive/SandsOfSet/Content/LevelOnePuzzles/PaintingPuzzle/Puzzles/BP_PictureFrame02_Puzzle_.uexp" 891
"../../../Engine/Content/Functions/Engine_MaterialFunctions01/Shading/PowerToRoughness.uasset" 892
"../../../Engine/Content/Functions/Engine_MaterialFunctions01/Shading/PowerToRoughness.uexp" 893
"C:/Users/keega/OneDrive/Desktop/GitHub/ChungusInteractive/SandsOfSet/Content/Models/Miles/Texture/Wall/SandsofSetWall_3_initialShadingGroup_Roughness.ubulk" 894
"C:/Users/keega/OneDrive/Desktop/GitHub/ChungusInteractive/SandsOfSet/Content/Models/Miles/Texture/Wall/SandsofSetWall_3_initialShadingGroup_Roughness.uasset" 895
"C:/Users/keega/OneDrive/Desktop/GitHub/ChungusInteractive/SandsOfSet/Content/Models/Miles/Texture/Wall/SandsofSetWall_3_initialShadingGroup_Roughness.uexp" 896
"C:/Users/keega/OneDrive/Desktop/GitHub/ChungusInteractive/SandsOfSet/Content/Models/Miles/Texture/Wall/SandsofSetWall_3_initialShadingGroup_Normal.ubulk" 897
"C:/Users/keega/OneDrive/Desktop/GitHub/ChungusInteractive/SandsOfSet/Content/Models/Miles/Texture/Wall/SandsofSetWall_3_initialShadingGroup_Normal.uasset" 898
"C:/Users/keega/OneDrive/Desktop/GitHub/ChungusInteractive/SandsOfSet/Content/Models/Miles/Texture/Wall/SandsofSetWall_3_initialShadingGroup_Normal.uexp" 899
"C:/Users/keega/OneDrive/Desktop/GitHub/ChungusInteractive/SandsOfSet/Content/Models/Miles/Texture/Wall/SandsofSetWall_3_initialShadingGroup_Metallic.ubulk" 900
"C:/Users/keega/OneDrive/Desktop/GitHub/ChungusInteractive/SandsOfSet/Content/Models/Miles/Texture/Wall/SandsofSetWall_3_initialShadingGroup_Metallic.uasset" 901
"C:/Users/keega/OneDrive/Desktop/GitHub/ChungusInteractive/SandsOfSet/Content/Models/Miles/Texture/Wall/SandsofSetWall_3_initialShadingGroup_Metallic.uexp" 902
"C:/Users/keega/OneDrive/Desktop/GitHub/ChungusInteractive/SandsOfSet/Content/Models/Miles/Texture/Wall/SandsofSetWall_3_initialShadingGroup_Height.ubulk" 903
"C:/Users/keega/OneDrive/Desktop/GitHub/ChungusInteractive/SandsOfSet/Content/Models/Miles/Texture/Wall/SandsofSetWall_3_initialShadingGroup_Height.uasset" 904
"C:/Users/keega/OneDrive/Desktop/GitHub/ChungusInteractive/SandsOfSet/Content/Models/Miles/Texture/Wall/SandsofSetWall_3_initialShadingGroup_Height.uexp" 905
"C:/Users/keega/OneDrive/Desktop/GitHub/ChungusInteractive/SandsOfSet/Content/Models/Miles/Texture/Wall/SandsofSetWall_3_initialShadingGroup_BaseColor.ubulk" 906
"C:/Users/keega/OneDrive/Desktop/GitHub/ChungusInteractive/SandsOfSet/Content/Models/Miles/Texture/Wall/SandsofSetWall_3_initialShadingGroup_BaseColor.uasset" 907
"C:/Users/keega/OneDrive/Desktop/GitHub/ChungusInteractive/SandsOfSet/Content/Models/Miles/Texture/Wall/SandsofSetWall_3_initialShadingGroup_BaseColor.uexp" 908
"C:/Users/keega/OneDrive/Desktop/GitHub/ChungusInteractive/SandsOfSet/Content/Models/Miles/Texture/Wall/M_Wall3.uasset" 909
"C:/Users/keega/OneDrive/Desktop/GitHub/ChungusInteractive/SandsOfSet/Content/Models/Miles/Texture/Wall/M_Wall3.uexp" 910
"C:/Users/keega/OneDrive/Desktop/GitHub/ChungusInteractive/SandsOfSet/Content/Models/Miles/Texture/Wall/SandsofSetWall_2_initialShadingGroup_Roughness.ubulk" 911
"C:/Users/keega/OneDrive/Desktop/GitHub/ChungusInteractive/SandsOfSet/Content/Models/Miles/Texture/Wall/SandsofSetWall_2_initialShadingGroup_Roughness.uasset" 912
"C:/Users/keega/OneDrive/Desktop/GitHub/ChungusInteractive/SandsOfSet/Content/Models/Miles/Texture/Wall/SandsofSetWall_2_initialShadingGroup_Roughness.uexp" 913
"C:/Users/keega/OneDrive/Desktop/GitHub/ChungusInteractive/SandsOfSet/Content/Models/Miles/Texture/Wall/SandsofSetWall_2_initialShadingGroup_Normal.ubulk" 914
"C:/Users/keega/OneDrive/Desktop/GitHub/ChungusInteractive/SandsOfSet/Content/Models/Miles/Texture/Wall/SandsofSetWall_2_initialShadingGroup_Normal.uasset" 915
"C:/Users/keega/OneDrive/Desktop/GitHub/ChungusInteractive/SandsOfSet/Content/Models/Miles/Texture/Wall/SandsofSetWall_2_initialShadingGroup_Normal.uexp" 916
"C:/Users/keega/OneDrive/Desktop/GitHub/ChungusInteractive/SandsOfSet/Content/Models/Miles/Texture/Wall/SandsofSetWall_2_initialShadingGroup_Metallic.ubulk" 917
"C:/Users/keega/OneDrive/Desktop/GitHub/ChungusInteractive/SandsOfSet/Content/Models/Miles/Texture/Wall/SandsofSetWall_2_initialShadingGroup_Metallic.uasset" 918
"C:/Users/keega/OneDrive/Desktop/GitHub/ChungusInteractive/SandsOfSet/Content/Models/Miles/Texture/Wall/SandsofSetWall_2_initialShadingGroup_Metallic.uexp" 919
"C:/Users/keega/OneDrive/Desktop/GitHub/ChungusInteractive/SandsOfSet/Content/Models/Miles/Texture/Wall/SandsofSetWall_2_initialShadingGroup_Height.ubulk" 920
"C:/Users/keega/OneDrive/Desktop/GitHub/ChungusInteractive/SandsOfSet/Content/Models/Miles/Texture/Wall/SandsofSetWall_2_initialShadingGroup_Height.uasset" 921
"C:/Users/keega/OneDrive/Desktop/GitHub/ChungusInteractive/SandsOfSet/Content/Models/Miles/Texture/Wall/SandsofSetWall_2_initialShadingGroup_Height.uexp" 922
"C:/Users/keega/OneDrive/Desktop/GitHub/ChungusInteractive/SandsOfSet/Content/Models/Miles/Texture/Wall/SandsofSetWall_2_initialShadingGroup_BaseColor.ubulk" 923
"C:/Users/keega/OneDrive/Desktop/GitHub/ChungusInteractive/SandsOfSet/Content/Models/Miles/Texture/Wall/SandsofSetWall_2_initialShadingGroup_BaseColor.uasset" 924
"C:/Users/keega/OneDrive/Desktop/GitHub/ChungusInteractive/SandsOfSet/Content/Models/Miles/Texture/Wall/SandsofSetWall_2_initialShadingGroup_BaseColor.uexp" 925
"C:/Users/keega/OneDrive/Desktop/GitHub/ChungusInteractive/SandsOfSet/Content/Models/Miles/Texture/Wall/M_Wall2.uasset" 926
"C:/Users/keega/OneDrive/Desktop/GitHub/ChungusInteractive/SandsOfSet/Content/Models/Miles/Texture/Wall/M_Wall2.uexp" 927
"C:/Users/keega/OneDrive/Desktop/GitHub/ChungusInteractive/SandsOfSet/Content/Models/Miles/Texture/Pillers/SandsofSetPillar_1_initialShadingGroup_Roughness.ubulk" 928
"C:/Users/keega/OneDrive/Desktop/GitHub/ChungusInteractive/SandsOfSet/Content/Models/Miles/Texture/Pillers/SandsofSetPillar_1_initialShadingGroup_Roughness.uasset" 929
"C:/Users/keega/OneDrive/Desktop/GitHub/ChungusInteractive/SandsOfSet/Content/Models/Miles/Texture/Pillers/SandsofSetPillar_1_initialShadingGroup_Roughness.uexp" 930
"C:/Users/keega/OneDrive/Desktop/GitHub/ChungusInteractive/SandsOfSet/Content/Models/Miles/Texture/Pillers/SandsofSetPillar_1_initialShadingGroup_Normal.ubulk" 931
"C:/Users/keega/OneDrive/Desktop/GitHub/ChungusInteractive/SandsOfSet/Content/Models/Miles/Texture/Pillers/SandsofSetPillar_1_initialShadingGroup_Normal.uasset" 932
"C:/Users/keega/OneDrive/Desktop/GitHub/ChungusInteractive/SandsOfSet/Content/Models/Miles/Texture/Pillers/SandsofSetPillar_1_initialShadingGroup_Normal.uexp" 933
"C:/Users/keega/OneDrive/Desktop/GitHub/ChungusInteractive/SandsOfSet/Content/Models/Miles/Texture/Pillers/SandsofSetPillar_1_initialShadingGroup_Metallic.ubulk" 934
"C:/Users/keega/OneDrive/Desktop/GitHub/ChungusInteractive/SandsOfSet/Content/Models/Miles/Texture/Pillers/SandsofSetPillar_1_initialShadingGroup_Metallic.uasset" 935
"C:/Users/keega/OneDrive/Desktop/GitHub/ChungusInteractive/SandsOfSet/Content/Models/Miles/Texture/Pillers/SandsofSetPillar_1_initialShadingGroup_Metallic.uexp" 936
"C:/Users/keega/OneDrive/Desktop/GitHub/ChungusInteractive/SandsOfSet/Content/Models/Miles/Texture/Pillers/SandsofSetPillar_1_initialShadingGroup_Height.ubulk" 937
"C:/Users/keega/OneDrive/Desktop/GitHub/ChungusInteractive/SandsOfSet/Content/Models/Miles/Texture/Pillers/SandsofSetPillar_1_initialShadingGroup_Height.uasset" 938
"C:/Users/keega/OneDrive/Desktop/GitHub/ChungusInteractive/SandsOfSet/Content/Models/Miles/Texture/Pillers/SandsofSetPillar_1_initialShadingGroup_Height.uexp" 939
"C:/Users/keega/OneDrive/Desktop/GitHub/ChungusInteractive/SandsOfSet/Content/Models/Miles/Texture/Pillers/SandsofSetPillar_1_initialShadingGroup_BaseColor.ubulk" 940
"C:/Users/keega/OneDrive/Desktop/GitHub/ChungusInteractive/SandsOfSet/Content/Models/Miles/Texture/Pillers/SandsofSetPillar_1_initialShadingGroup_BaseColor.uasset" 941
"C:/Users/keega/OneDrive/Desktop/GitHub/ChungusInteractive/SandsOfSet/Content/Models/Miles/Texture/Pillers/SandsofSetPillar_1_initialShadingGroup_BaseColor.uexp" 942
"C:/Users/keega/OneDrive/Desktop/GitHub/ChungusInteractive/SandsOfSet/Content/Models/Miles/Texture/Pillers/M_Pillar1.uasset" 943
"C:/Users/keega/OneDrive/Desktop/GitHub/ChungusInteractive/SandsOfSet/Content/Models/Miles/Texture/Pillers/M_Pillar1.uexp" 944
"C:/Users/keega/OneDrive/Desktop/GitHub/ChungusInteractive/SandsOfSet/Content/Models/Miles/Texture/Anker/SandsofSetAnhk_initialShadingGroup_Roughness.ubulk" 945
"C:/Users/keega/OneDrive/Desktop/GitHub/ChungusInteractive/SandsOfSet/Content/Models/Miles/Texture/Anker/SandsofSetAnhk_initialShadingGroup_Roughness.uasset" 946
"C:/Users/keega/OneDrive/Desktop/GitHub/ChungusInteractive/SandsOfSet/Content/Models/Miles/Texture/Anker/SandsofSetAnhk_initialShadingGroup_Roughness.uexp" 947
"C:/Users/keega/OneDrive/Desktop/GitHub/ChungusInteractive/SandsOfSet/Content/Models/Miles/Texture/Anker/SandsofSetAnhk_initialShadingGroup_Normal.ubulk" 948
"C:/Users/keega/OneDrive/Desktop/GitHub/ChungusInteractive/SandsOfSet/Content/Models/Miles/Texture/Anker/SandsofSetAnhk_initialShadingGroup_Normal.uasset" 949
"C:/Users/keega/OneDrive/Desktop/GitHub/ChungusInteractive/SandsOfSet/Content/Models/Miles/Texture/Anker/SandsofSetAnhk_initialShadingGroup_Normal.uexp" 950
"C:/Users/keega/OneDrive/Desktop/GitHub/ChungusInteractive/SandsOfSet/Content/Models/Miles/Texture/Anker/SandsofSetAnhk_initialShadingGroup_Metallic.ubulk" 951
"C:/Users/keega/OneDrive/Desktop/GitHub/ChungusInteractive/SandsOfSet/Content/Models/Miles/Texture/Anker/SandsofSetAnhk_initialShadingGroup_Metallic.uasset" 952
"C:/Users/keega/OneDrive/Desktop/GitHub/ChungusInteractive/SandsOfSet/Content/Models/Miles/Texture/Anker/SandsofSetAnhk_initialShadingGroup_Metallic.uexp" 953
"C:/Users/keega/OneDrive/Desktop/GitHub/ChungusInteractive/SandsOfSet/Content/Models/Miles/Texture/Anker/SandsofSetAnhk_initialShadingGroup_Height.ubulk" 954
"C:/Users/keega/OneDrive/Desktop/GitHub/ChungusInteractive/SandsOfSet/Content/Models/Miles/Texture/Anker/SandsofSetAnhk_initialShadingGroup_Height.uasset" 955
"C:/Users/keega/OneDrive/Desktop/GitHub/ChungusInteractive/SandsOfSet/Content/Models/Miles/Texture/Anker/SandsofSetAnhk_initialShadingGroup_Height.uexp" 956
"C:/Users/keega/OneDrive/Desktop/GitHub/ChungusInteractive/SandsOfSet/Content/Models/Miles/Texture/Anker/SandsofSetAnhk_initialShadingGroup_BaseColor.ubulk" 957
"C:/Users/keega/OneDrive/Desktop/GitHub/ChungusInteractive/SandsOfSet/Content/Models/Miles/Texture/Anker/SandsofSetAnhk_initialShadingGroup_BaseColor.uasset" 958
"C:/Users/keega/OneDrive/Desktop/GitHub/ChungusInteractive/SandsOfSet/Content/Models/Miles/Texture/Anker/SandsofSetAnhk_initialShadingGroup_BaseColor.uexp" 959
"C:/Users/keega/OneDrive/Desktop/GitHub/ChungusInteractive/SandsOfSet/Content/Models/Miles/Texture/Anker/M_Anhk.uasset" 960
"C:/Users/keega/OneDrive/Desktop/GitHub/ChungusInteractive/SandsOfSet/Content/Models/Miles/Texture/Anker/M_Anhk.uexp" 961
"C:/Users/keega/OneDrive/Desktop/GitHub/ChungusInteractive/SandsOfSet/Content/Models/Miles/2ndWave/Textures2ndwave/CanopicJar/SandsOfSetCanopicJarFinal_openPBR_shader9_BaseColor.ubulk" 962
"C:/Users/keega/OneDrive/Desktop/GitHub/ChungusInteractive/SandsOfSet/Content/Models/Miles/2ndWave/Textures2ndwave/CanopicJar/SandsOfSetCanopicJarFinal_openPBR_shader9_BaseColor.uasset" 963
"C:/Users/keega/OneDrive/Desktop/GitHub/ChungusInteractive/SandsOfSet/Content/Models/Miles/2ndWave/Textures2ndwave/CanopicJar/SandsOfSetCanopicJarFinal_openPBR_shader9_BaseColor.uexp" 964
"C:/Users/keega/OneDrive/Desktop/GitHub/ChungusInteractive/SandsOfSet/Content/Models/Miles/2ndWave/Textures2ndwave/CanopicJar/SandsOfSetCanopicJarFinal_openPBR_shader9_BaseColor_Mat.uasset" 965
"C:/Users/keega/OneDrive/Desktop/GitHub/ChungusInteractive/SandsOfSet/Content/Models/Miles/2ndWave/Textures2ndwave/CanopicJar/SandsOfSetCanopicJarFinal_openPBR_shader9_BaseColor_Mat.uexp" 966
"C:/Users/keega/OneDrive/Desktop/GitHub/ChungusInteractive/SandsOfSet/Content/Models/Miles/2ndWave/Textures2ndwave/WallTorch/SandsOfSetWallTorchFinal_openPBR_shader30_Roughness.ubulk" 967
"C:/Users/keega/OneDrive/Desktop/GitHub/ChungusInteractive/SandsOfSet/Content/Models/Miles/2ndWave/Textures2ndwave/WallTorch/SandsOfSetWallTorchFinal_openPBR_shader30_Roughness.uasset" 968
"C:/Users/keega/OneDrive/Desktop/GitHub/ChungusInteractive/SandsOfSet/Content/Models/Miles/2ndWave/Textures2ndwave/WallTorch/SandsOfSetWallTorchFinal_openPBR_shader30_Roughness.uexp" 969
"C:/Users/keega/OneDrive/Desktop/GitHub/ChungusInteractive/SandsOfSet/Content/Models/Miles/2ndWave/Textures2ndwave/WallTorch/SandsOfSetWallTorchFinal_openPBR_shader30_Normal.ubulk" 970
"C:/Users/keega/OneDrive/Desktop/GitHub/ChungusInteractive/SandsOfSet/Content/Models/Miles/2ndWave/Textures2ndwave/WallTorch/SandsOfSetWallTorchFinal_openPBR_shader30_Normal.uasset" 971
"C:/Users/keega/OneDrive/Desktop/GitHub/ChungusInteractive/SandsOfSet/Content/Models/Miles/2ndWave/Textures2ndwave/WallTorch/SandsOfSetWallTorchFinal_openPBR_shader30_Normal.uexp" 972
"C:/Users/keega/OneDrive/Desktop/GitHub/ChungusInteractive/SandsOfSet/Content/Models/Miles/2ndWave/Textures2ndwave/WallTorch/SandsOfSetWallTorchFinal_openPBR_shader30_Metallic.ubulk" 973
"C:/Users/keega/OneDrive/Desktop/GitHub/ChungusInteractive/SandsOfSet/Content/Models/Miles/2ndWave/Textures2ndwave/WallTorch/SandsOfSetWallTorchFinal_openPBR_shader30_Metallic.uasset" 974
"C:/Users/keega/OneDrive/Desktop/GitHub/ChungusInteractive/SandsOfSet/Content/Models/Miles/2ndWave/Textures2ndwave/WallTorch/SandsOfSetWallTorchFinal_openPBR_shader30_Metallic.uexp" 975
"C:/Users/keega/OneDrive/Desktop/GitHub/ChungusInteractive/SandsOfSet/Content/Models/Miles/2ndWave/Textures2ndwave/WallTorch/SandsOfSetWallTorchFinal_openPBR_shader30_Height.ubulk" 976
"C:/Users/keega/OneDrive/Desktop/GitHub/ChungusInteractive/SandsOfSet/Content/Models/Miles/2ndWave/Textures2ndwave/WallTorch/SandsOfSetWallTorchFinal_openPBR_shader30_Height.uasset" 977
"C:/Users/keega/OneDrive/Desktop/GitHub/ChungusInteractive/SandsOfSet/Content/Models/Miles/2ndWave/Textures2ndwave/WallTorch/SandsOfSetWallTorchFinal_openPBR_shader30_Height.uexp" 978
"C:/Users/keega/OneDrive/Desktop/GitHub/ChungusInteractive/SandsOfSet/Content/Models/Miles/2ndWave/Textures2ndwave/WallTorch/SandsOfSetWallTorchFinal_openPBR_shader30_BaseColor.ubulk" 979
"C:/Users/keega/OneDrive/Desktop/GitHub/ChungusInteractive/SandsOfSet/Content/Models/Miles/2ndWave/Textures2ndwave/WallTorch/SandsOfSetWallTorchFinal_openPBR_shader30_BaseColor.uasset" 980
"C:/Users/keega/OneDrive/Desktop/GitHub/ChungusInteractive/SandsOfSet/Content/Models/Miles/2ndWave/Textures2ndwave/WallTorch/SandsOfSetWallTorchFinal_openPBR_shader30_BaseColor.uexp" 981
"C:/Users/keega/OneDrive/Desktop/GitHub/ChungusInteractive/SandsOfSet/Content/Models/Miles/2ndWave/Materials/WallTorch/WallT.uasset" 982
"C:/Users/keega/OneDrive/Desktop/GitHub/ChungusInteractive/SandsOfSet/Content/Models/Miles/2ndWave/Materials/WallTorch/WallT.uexp" 983
"C:/Users/keega/OneDrive/Desktop/GitHub/ChungusInteractive/SandsOfSet/Content/Models/Miles/2ndWave/Textures2ndwave/Vase3/SandsOfSetVaseFinal3_openPBR_shader28_Roughness.ubulk" 984
"C:/Users/keega/OneDrive/Desktop/GitHub/ChungusInteractive/SandsOfSet/Content/Models/Miles/2ndWave/Textures2ndwave/Vase3/SandsOfSetVaseFinal3_openPBR_shader28_Roughness.uasset" 985
"C:/Users/keega/OneDrive/Desktop/GitHub/ChungusInteractive/SandsOfSet/Content/Models/Miles/2ndWave/Textures2ndwave/Vase3/SandsOfSetVaseFinal3_openPBR_shader28_Roughness.uexp" 986
"C:/Users/keega/OneDrive/Desktop/GitHub/ChungusInteractive/SandsOfSet/Content/Models/Miles/2ndWave/Textures2ndwave/Vase3/SandsOfSetVaseFinal3_openPBR_shader28_Normal.ubulk" 987
"C:/Users/keega/OneDrive/Desktop/GitHub/ChungusInteractive/SandsOfSet/Content/Models/Miles/2ndWave/Textures2ndwave/Vase3/SandsOfSetVaseFinal3_openPBR_shader28_Normal.uasset" 988
"C:/Users/keega/OneDrive/Desktop/GitHub/ChungusInteractive/SandsOfSet/Content/Models/Miles/2ndWave/Textures2ndwave/Vase3/SandsOfSetVaseFinal3_openPBR_shader28_Normal.uexp" 989
"C:/Users/keega/OneDrive/Desktop/GitHub/ChungusInteractive/SandsOfSet/Content/Models/Miles/2ndWave/Textures2ndwave/Vase3/SandsOfSetVaseFinal3_openPBR_shader28_Metallic.ubulk" 990
"C:/Users/keega/OneDrive/Desktop/GitHub/ChungusInteractive/SandsOfSet/Content/Models/Miles/2ndWave/Textures2ndwave/Vase3/SandsOfSetVaseFinal3_openPBR_shader28_Metallic.uasset" 991
"C:/Users/keega/OneDrive/Desktop/GitHub/ChungusInteractive/SandsOfSet/Content/Models/Miles/2ndWave/Textures2ndwave/Vase3/SandsOfSetVaseFinal3_openPBR_shader28_Metallic.uexp" 992
"C:/Users/keega/OneDrive/Desktop/GitHub/ChungusInteractive/SandsOfSet/Content/Models/Miles/2ndWave/Textures2ndwave/Vase3/SandsOfSetVaseFinal3_openPBR_shader28_Height.ubulk" 993
"C:/Users/keega/OneDrive/Desktop/GitHub/ChungusInteractive/SandsOfSet/Content/Models/Miles/2ndWave/Textures2ndwave/Vase3/SandsOfSetVaseFinal3_openPBR_shader28_Height.uasset" 994
"C:/Users/keega/OneDrive/Desktop/GitHub/ChungusInteractive/SandsOfSet/Content/Models/Miles/2ndWave/Textures2ndwave/Vase3/SandsOfSetVaseFinal3_openPBR_shader28_Height.uexp" 995
"C:/Users/keega/OneDrive/Desktop/GitHub/ChungusInteractive/SandsOfSet/Content/Models/Miles/2ndWave/Textures2ndwave/Vase3/SandsOfSetVaseFinal3_openPBR_shader28_BaseColor.ubulk" 996
"C:/Users/keega/OneDrive/Desktop/GitHub/ChungusInteractive/SandsOfSet/Content/Models/Miles/2ndWave/Textures2ndwave/Vase3/SandsOfSetVaseFinal3_openPBR_shader28_BaseColor.uasset" 997
"C:/Users/keega/OneDrive/Desktop/GitHub/ChungusInteractive/SandsOfSet/Content/Models/Miles/2ndWave/Textures2ndwave/Vase3/SandsOfSetVaseFinal3_openPBR_shader28_BaseColor.uexp" 998
"C:/Users/keega/OneDrive/Desktop/GitHub/ChungusInteractive/SandsOfSet/Content/Models/Miles/2ndWave/Materials/Vase3/Vase3.uasset" 999
"C:/Users/keega/OneDrive/Desktop/GitHub/ChungusInteractive/SandsOfSet/Content/Models/Miles/2ndWave/Materials/Vase3/Vase3.uexp" 1000
"C:/Users/keega/OneDrive/Desktop/GitHub/ChungusInteractive/SandsOfSet/Content/Models/Miles/2ndWave/Textures2ndwave/Vase2/SandsOfSetVaseFinal2_openPBR_shader29_Roughness.ubulk" 1001
"C:/Users/keega/OneDrive/Desktop/GitHub/ChungusInteractive/SandsOfSet/Content/Models/Miles/2ndWave/Textures2ndwave/Vase2/SandsOfSetVaseFinal2_openPBR_shader29_Roughness.uasset" 1002
"C:/Users/keega/OneDrive/Desktop/GitHub/ChungusInteractive/SandsOfSet/Content/Models/Miles/2ndWave/Textures2ndwave/Vase2/SandsOfSetVaseFinal2_openPBR_shader29_Roughness.uexp" 1003
"C:/Users/keega/OneDrive/Desktop/GitHub/ChungusInteractive/SandsOfSet/Content/Models/Miles/2ndWave/Textures2ndwave/Vase2/SandsOfSetVaseFinal2_openPBR_shader29_Normal.ubulk" 1004
"C:/Users/keega/OneDrive/Desktop/GitHub/ChungusInteractive/SandsOfSet/Content/Models/Miles/2ndWave/Textures2ndwave/Vase2/SandsOfSetVaseFinal2_openPBR_shader29_Normal.uasset" 1005
"C:/Users/keega/OneDrive/Desktop/GitHub/ChungusInteractive/SandsOfSet/Content/Models/Miles/2ndWave/Textures2ndwave/Vase2/SandsOfSetVaseFinal2_openPBR_shader29_Normal.uexp" 1006
"C:/Users/keega/OneDrive/Desktop/GitHub/ChungusInteractive/SandsOfSet/Content/Models/Miles/2ndWave/Textures2ndwave/Vase2/SandsOfSetVaseFinal2_openPBR_shader29_Metallic.ubulk" 1007
"C:/Users/keega/OneDrive/Desktop/GitHub/ChungusInteractive/SandsOfSet/Content/Models/Miles/2ndWave/Textures2ndwave/Vase2/SandsOfSetVaseFinal2_openPBR_shader29_Metallic.uasset" 1008
"C:/Users/keega/OneDrive/Desktop/GitHub/ChungusInteractive/SandsOfSet/Content/Models/Miles/2ndWave/Textures2ndwave/Vase2/SandsOfSetVaseFinal2_openPBR_shader29_Metallic.uexp" 1009
"C:/Users/keega/OneDrive/Desktop/GitHub/ChungusInteractive/SandsOfSet/Content/Models/Miles/2ndWave/Textures2ndwave/Vase2/SandsOfSetVaseFinal2_openPBR_shader29_Height.ubulk" 1010
"C:/Users/keega/OneDrive/Desktop/GitHub/ChungusInteractive/SandsOfSet/Content/Models/Miles/2ndWave/Textures2ndwave/Vase2/SandsOfSetVaseFinal2_openPBR_shader29_Height.uasset" 1011
"C:/Users/keega/OneDrive/Desktop/GitHub/ChungusInteractive/SandsOfSet/Content/Models/Miles/2ndWave/Textures2ndwave/Vase2/SandsOfSetVaseFinal2_openPBR_shader29_Height.uexp" 1012
"C:/Users/keega/OneDrive/Desktop/GitHub/ChungusInteractive/SandsOfSet/Content/Models/Miles/2ndWave/Textures2ndwave/Vase2/SandsOfSetVaseFinal2_openPBR_shader29_BaseColor.ubulk" 1013
"C:/Users/keega/OneDrive/Desktop/GitHub/ChungusInteractive/SandsOfSet/Content/Models/Miles/2ndWave/Textures2ndwave/Vase2/SandsOfSetVaseFinal2_openPBR_shader29_BaseColor.uasset" 1014
"C:/Users/keega/OneDrive/Desktop/GitHub/ChungusInteractive/SandsOfSet/Content/Models/Miles/2ndWave/Textures2ndwave/Vase2/SandsOfSetVaseFinal2_openPBR_shader29_BaseColor.uexp" 1015
"C:/Users/keega/OneDrive/Desktop/GitHub/ChungusInteractive/SandsOfSet/Content/Models/Miles/2ndWave/Materials/Vase2/Vase2.uasset" 1016
"C:/Users/keega/OneDrive/Desktop/GitHub/ChungusInteractive/SandsOfSet/Content/Models/Miles/2ndWave/Materials/Vase2/Vase2.uexp" 1017
"C:/Users/keega/OneDrive/Desktop/GitHub/ChungusInteractive/SandsOfSet/Content/Models/Miles/2ndWave/Textures2ndwave/Vase1/SandsOfSetVaseFinal1_openPBR_shader27_Roughness.ubulk" 1018
"C:/Users/keega/OneDrive/Desktop/GitHub/ChungusInteractive/SandsOfSet/Content/Models/Miles/2ndWave/Textures2ndwave/Vase1/SandsOfSetVaseFinal1_openPBR_shader27_Roughness.uasset" 1019
"C:/Users/keega/OneDrive/Desktop/GitHub/ChungusInteractive/SandsOfSet/Content/Models/Miles/2ndWave/Textures2ndwave/Vase1/SandsOfSetVaseFinal1_openPBR_shader27_Roughness.uexp" 1020
"C:/Users/keega/OneDrive/Desktop/GitHub/ChungusInteractive/SandsOfSet/Content/Models/Miles/2ndWave/Textures2ndwave/Vase1/SandsOfSetVaseFinal1_openPBR_shader27_Normal.ubulk" 1021
"C:/Users/keega/OneDrive/Desktop/GitHub/ChungusInteractive/SandsOfSet/Content/Models/Miles/2ndWave/Textures2ndwave/Vase1/SandsOfSetVaseFinal1_openPBR_shader27_Normal.uasset" 1022
"C:/Users/keega/OneDrive/Desktop/GitHub/ChungusInteractive/SandsOfSet/Content/Models/Miles/2ndWave/Textures2ndwave/Vase1/SandsOfSetVaseFinal1_openPBR_shader27_Normal.uexp" 1023
"C:/Users/keega/OneDrive/Desktop/GitHub/ChungusInteractive/SandsOfSet/Content/Models/Miles/2ndWave/Textures2ndwave/Vase1/SandsOfSetVaseFinal1_openPBR_shader27_Metallic.ubulk" 1024
"C:/Users/keega/OneDrive/Desktop/GitHub/ChungusInteractive/SandsOfSet/Content/Models/Miles/2ndWave/Textures2ndwave/Vase1/SandsOfSetVaseFinal1_openPBR_shader27_Metallic.uasset" 1025
"C:/Users/keega/OneDrive/Desktop/GitHub/ChungusInteractive/SandsOfSet/Content/Models/Miles/2ndWave/Textures2ndwave/Vase1/SandsOfSetVaseFinal1_openPBR_shader27_Metallic.uexp" 1026
"C:/Users/keega/OneDrive/Desktop/GitHub/ChungusInteractive/SandsOfSet/Content/Models/Miles/2ndWave/Textures2ndwave/Vase1/SandsOfSetVaseFinal1_openPBR_shader27_Height.ubulk" 1027
"C:/Users/keega/OneDrive/Desktop/GitHub/ChungusInteractive/SandsOfSet/Content/Models/Miles/2ndWave/Textures2ndwave/Vase1/SandsOfSetVaseFinal1_openPBR_shader27_Height.uasset" 1028
"C:/Users/keega/OneDrive/Desktop/GitHub/ChungusInteractive/SandsOfSet/Content/Models/Miles/2ndWave/Textures2ndwave/Vase1/SandsOfSetVaseFinal1_openPBR_shader27_Height.uexp" 1029
"C:/Users/keega/OneDrive/Desktop/GitHub/ChungusInteractive/SandsOfSet/Content/Models/Miles/2ndWave/Textures2ndwave/Vase1/SandsOfSetVaseFinal1_openPBR_shader27_BaseColor.ubulk" 1030
"C:/Users/keega/OneDrive/Desktop/GitHub/ChungusInteractive/SandsOfSet/Content/Models/Miles/2ndWave/Textures2ndwave/Vase1/SandsOfSetVaseFinal1_openPBR_shader27_BaseColor.uasset" 1031
"C:/Users/keega/OneDrive/Desktop/GitHub/ChungusInteractive/SandsOfSet/Content/Models/Miles/2ndWave/Textures2ndwave/Vase1/SandsOfSetVaseFinal1_openPBR_shader27_BaseColor.uexp" 1032
"C:/Users/keega/OneDrive/Desktop/GitHub/ChungusInteractive/SandsOfSet/Content/Models/Miles/2ndWave/Materials/Vase1/Vase1.uasset" 1033
"C:/Users/keega/OneDrive/Desktop/GitHub/ChungusInteractive/SandsOfSet/Content/Models/Miles/2ndWave/Materials/Vase1/Vase1.uexp" 1034
"C:/Users/keega/OneDrive/Desktop/GitHub/ChungusInteractive/SandsOfSet/Content/Models/Miles/2ndWave/Textures2ndwave/Table/SandsOfSetTableFinal_openPBR_shader30_Roughness.ubulk" 1035
"C:/Users/keega/OneDrive/Desktop/GitHub/ChungusInteractive/SandsOfSet/Content/Models/Miles/2ndWave/Textures2ndwave/Table/SandsOfSetTableFinal_openPBR_shader30_Roughness.uasset" 1036
"C:/Users/keega/OneDrive/Desktop/GitHub/ChungusInteractive/SandsOfSet/Content/Models/Miles/2ndWave/Textures2ndwave/Table/SandsOfSetTableFinal_openPBR_shader30_Roughness.uexp" 1037
"C:/Users/keega/OneDrive/Desktop/GitHub/ChungusInteractive/SandsOfSet/Content/Models/Miles/2ndWave/Textures2ndwave/Table/SandsOfSetTableFinal_openPBR_shader30_Normal.ubulk" 1038
"C:/Users/keega/OneDrive/Desktop/GitHub/ChungusInteractive/SandsOfSet/Content/Models/Miles/2ndWave/Textures2ndwave/Table/SandsOfSetTableFinal_openPBR_shader30_Normal.uasset" 1039
"C:/Users/keega/OneDrive/Desktop/GitHub/ChungusInteractive/SandsOfSet/Content/Models/Miles/2ndWave/Textures2ndwave/Table/SandsOfSetTableFinal_openPBR_shader30_Normal.uexp" 1040
"C:/Users/keega/OneDrive/Desktop/GitHub/ChungusInteractive/SandsOfSet/Content/Models/Miles/2ndWave/Textures2ndwave/Table/SandsOfSetTableFinal_openPBR_shader30_Metallic.ubulk" 1041
"C:/Users/keega/OneDrive/Desktop/GitHub/ChungusInteractive/SandsOfSet/Content/Models/Miles/2ndWave/Textures2ndwave/Table/SandsOfSetTableFinal_openPBR_shader30_Metallic.uasset" 1042
"C:/Users/keega/OneDrive/Desktop/GitHub/ChungusInteractive/SandsOfSet/Content/Models/Miles/2ndWave/Textures2ndwave/Table/SandsOfSetTableFinal_openPBR_shader30_Metallic.uexp" 1043
"C:/Users/keega/OneDrive/Desktop/GitHub/ChungusInteractive/SandsOfSet/Content/Models/Miles/2ndWave/Textures2ndwave/Table/SandsOfSetTableFinal_openPBR_shader30_Height.ubulk" 1044
"C:/Users/keega/OneDrive/Desktop/GitHub/ChungusInteractive/SandsOfSet/Content/Models/Miles/2ndWave/Textures2ndwave/Table/SandsOfSetTableFinal_openPBR_shader30_Height.uasset" 1045
"C:/Users/keega/OneDrive/Desktop/GitHub/ChungusInteractive/SandsOfSet/Content/Models/Miles/2ndWave/Textures2ndwave/Table/SandsOfSetTableFinal_openPBR_shader30_Height.uexp" 1046
"C:/Users/keega/OneDrive/Desktop/GitHub/ChungusInteractive/SandsOfSet/Content/Models/Miles/2ndWave/Textures2ndwave/Table/SandsOfSetTableFinal_openPBR_shader30_BaseColor.ubulk" 1047
"C:/Users/keega/OneDrive/Desktop/GitHub/ChungusInteractive/SandsOfSet/Content/Models/Miles/2ndWave/Textures2ndwave/Table/SandsOfSetTableFinal_openPBR_shader30_BaseColor.uasset" 1048
"C:/Users/keega/OneDrive/Desktop/GitHub/ChungusInteractive/SandsOfSet/Content/Models/Miles/2ndWave/Textures2ndwave/Table/SandsOfSetTableFinal_openPBR_shader30_BaseColor.uexp" 1049
"C:/Users/keega/OneDrive/Desktop/GitHub/ChungusInteractive/SandsOfSet/Content/Models/Miles/2ndWave/Materials/Table/Table.uasset" 1050
"C:/Users/keega/OneDrive/Desktop/GitHub/ChungusInteractive/SandsOfSet/Content/Models/Miles/2ndWave/Materials/Table/Table.uexp" 1051
"C:/Users/keega/OneDrive/Desktop/GitHub/ChungusInteractive/SandsOfSet/Content/Models/Miles/2ndWave/Textures2ndwave/Stool/SandsOfSetStoolFinal_openPBR_shader30_Roughness.ubulk" 1052
"C:/Users/keega/OneDrive/Desktop/GitHub/ChungusInteractive/SandsOfSet/Content/Models/Miles/2ndWave/Textures2ndwave/Stool/SandsOfSetStoolFinal_openPBR_shader30_Roughness.uasset" 1053
"C:/Users/keega/OneDrive/Desktop/GitHub/ChungusInteractive/SandsOfSet/Content/Models/Miles/2ndWave/Textures2ndwave/Stool/SandsOfSetStoolFinal_openPBR_shader30_Roughness.uexp" 1054
"C:/Users/keega/OneDrive/Desktop/GitHub/ChungusInteractive/SandsOfSet/Content/Models/Miles/2ndWave/Textures2ndwave/Stool/SandsOfSetStoolFinal_openPBR_shader30_Normal.ubulk" 1055
"C:/Users/keega/OneDrive/Desktop/GitHub/ChungusInteractive/SandsOfSet/Content/Models/Miles/2ndWave/Textures2ndwave/Stool/SandsOfSetStoolFinal_openPBR_shader30_Normal.uasset" 1056
"C:/Users/keega/OneDrive/Desktop/GitHub/ChungusInteractive/SandsOfSet/Content/Models/Miles/2ndWave/Textures2ndwave/Stool/SandsOfSetStoolFinal_openPBR_shader30_Normal.uexp" 1057
"C:/Users/keega/OneDrive/Desktop/GitHub/ChungusInteractive/SandsOfSet/Content/Models/Miles/2ndWave/Textures2ndwave/Stool/SandsOfSetStoolFinal_openPBR_shader30_Metallic.ubulk" 1058
"C:/Users/keega/OneDrive/Desktop/GitHub/ChungusInteractive/SandsOfSet/Content/Models/Miles/2ndWave/Textures2ndwave/Stool/SandsOfSetStoolFinal_openPBR_shader30_Metallic.uasset" 1059
"C:/Users/keega/OneDrive/Desktop/GitHub/ChungusInteractive/SandsOfSet/Content/Models/Miles/2ndWave/Textures2ndwave/Stool/SandsOfSetStoolFinal_openPBR_shader30_Metallic.uexp" 1060
"C:/Users/keega/OneDrive/Desktop/GitHub/ChungusInteractive/SandsOfSet/Content/Models/Miles/2ndWave/Textures2ndwave/Stool/SandsOfSetStoolFinal_openPBR_shader30_Height.ubulk" 1061
"C:/Users/keega/OneDrive/Desktop/GitHub/ChungusInteractive/SandsOfSet/Content/Models/Miles/2ndWave/Textures2ndwave/Stool/SandsOfSetStoolFinal_openPBR_shader30_Height.uasset" 1062
"C:/Users/keega/OneDrive/Desktop/GitHub/ChungusInteractive/SandsOfSet/Content/Models/Miles/2ndWave/Textures2ndwave/Stool/SandsOfSetStoolFinal_openPBR_shader30_Height.uexp" 1063
"C:/Users/keega/OneDrive/Desktop/GitHub/ChungusInteractive/SandsOfSet/Content/Models/Miles/2ndWave/Textures2ndwave/Stool/SandsOfSetStoolFinal_openPBR_shader30_BaseColor.ubulk" 1064
"C:/Users/keega/OneDrive/Desktop/GitHub/ChungusInteractive/SandsOfSet/Content/Models/Miles/2ndWave/Textures2ndwave/Stool/SandsOfSetStoolFinal_openPBR_shader30_BaseColor.uasset" 1065
"C:/Users/keega/OneDrive/Desktop/GitHub/ChungusInteractive/SandsOfSet/Content/Models/Miles/2ndWave/Textures2ndwave/Stool/SandsOfSetStoolFinal_openPBR_shader30_BaseColor.uexp" 1066
"C:/Users/keega/OneDrive/Desktop/GitHub/ChungusInteractive/SandsOfSet/Content/Models/Miles/2ndWave/Materials/Stool/Stool.uasset" 1067
"C:/Users/keega/OneDrive/Desktop/GitHub/ChungusInteractive/SandsOfSet/Content/Models/Miles/2ndWave/Materials/Stool/Stool.uexp" 1068
"C:/Users/keega/OneDrive/Desktop/GitHub/ChungusInteractive/SandsOfSet/Content/Models/Miles/2ndWave/Textures2ndwave/Scroll1/SandsOfSetScroll1Final_openPBR_shader30_Roughness.ubulk" 1069
"C:/Users/keega/OneDrive/Desktop/GitHub/ChungusInteractive/SandsOfSet/Content/Models/Miles/2ndWave/Textures2ndwave/Scroll1/SandsOfSetScroll1Final_openPBR_shader30_Roughness.uasset" 1070
"C:/Users/keega/OneDrive/Desktop/GitHub/ChungusInteractive/SandsOfSet/Content/Models/Miles/2ndWave/Textures2ndwave/Scroll1/SandsOfSetScroll1Final_openPBR_shader30_Roughness.uexp" 1071
"C:/Users/keega/OneDrive/Desktop/GitHub/ChungusInteractive/SandsOfSet/Content/Models/Miles/2ndWave/Textures2ndwave/Scroll1/SandsOfSetScroll1Final_openPBR_shader30_Normal.ubulk" 1072
"C:/Users/keega/OneDrive/Desktop/GitHub/ChungusInteractive/SandsOfSet/Content/Models/Miles/2ndWave/Textures2ndwave/Scroll1/SandsOfSetScroll1Final_openPBR_shader30_Normal.uasset" 1073
"C:/Users/keega/OneDrive/Desktop/GitHub/ChungusInteractive/SandsOfSet/Content/Models/Miles/2ndWave/Textures2ndwave/Scroll1/SandsOfSetScroll1Final_openPBR_shader30_Normal.uexp" 1074
"C:/Users/keega/OneDrive/Desktop/GitHub/ChungusInteractive/SandsOfSet/Content/Models/Miles/2ndWave/Textures2ndwave/Scroll1/SandsOfSetScroll1Final_openPBR_shader30_Metallic.ubulk" 1075
"C:/Users/keega/OneDrive/Desktop/GitHub/ChungusInteractive/SandsOfSet/Content/Models/Miles/2ndWave/Textures2ndwave/Scroll1/SandsOfSetScroll1Final_openPBR_shader30_Metallic.uasset" 1076
"C:/Users/keega/OneDrive/Desktop/GitHub/ChungusInteractive/SandsOfSet/Content/Models/Miles/2ndWave/Textures2ndwave/Scroll1/SandsOfSetScroll1Final_openPBR_shader30_Metallic.uexp" 1077
"C:/Users/keega/OneDrive/Desktop/GitHub/ChungusInteractive/SandsOfSet/Content/Models/Miles/2ndWave/Textures2ndwave/Scroll1/SandsOfSetScroll1Final_openPBR_shader30_Height.ubulk" 1078
"C:/Users/keega/OneDrive/Desktop/GitHub/ChungusInteractive/SandsOfSet/Content/Models/Miles/2ndWave/Textures2ndwave/Scroll1/SandsOfSetScroll1Final_openPBR_shader30_Height.uasset" 1079
"C:/Users/keega/OneDrive/Desktop/GitHub/ChungusInteractive/SandsOfSet/Content/Models/Miles/2ndWave/Textures2ndwave/Scroll1/SandsOfSetScroll1Final_openPBR_shader30_Height.uexp" 1080
"C:/Users/keega/OneDrive/Desktop/GitHub/ChungusInteractive/SandsOfSet/Content/Models/Miles/2ndWave/Textures2ndwave/Scroll1/SandsOfSetScroll1Final_openPBR_shader30_BaseColor.ubulk" 1081
"C:/Users/keega/OneDrive/Desktop/GitHub/ChungusInteractive/SandsOfSet/Content/Models/Miles/2ndWave/Textures2ndwave/Scroll1/SandsOfSetScroll1Final_openPBR_shader30_BaseColor.uasset" 1082
"C:/Users/keega/OneDrive/Desktop/GitHub/ChungusInteractive/SandsOfSet/Content/Models/Miles/2ndWave/Textures2ndwave/Scroll1/SandsOfSetScroll1Final_openPBR_shader30_BaseColor.uexp" 1083
"C:/Users/keega/OneDrive/Desktop/GitHub/ChungusInteractive/SandsOfSet/Content/Models/Miles/2ndWave/Materials/Scroll1/Scroll1.uasset" 1084
"C:/Users/keega/OneDrive/Desktop/GitHub/ChungusInteractive/SandsOfSet/Content/Models/Miles/2ndWave/Materials/Scroll1/Scroll1.uexp" 1085
"C:/Users/keega/OneDrive/Desktop/GitHub/ChungusInteractive/SandsOfSet/Content/Models/Miles/2ndWave/Textures2ndwave/MortarANDPestle/SandsOfSetMortar_PestleFinal_openPBR_shader25_Roughness.ubulk" 1086
"C:/Users/keega/OneDrive/Desktop/GitHub/ChungusInteractive/SandsOfSet/Content/Models/Miles/2ndWave/Textures2ndwave/MortarANDPestle/SandsOfSetMortar_PestleFinal_openPBR_shader25_Roughness.uasset" 1087
"C:/Users/keega/OneDrive/Desktop/GitHub/ChungusInteractive/SandsOfSet/Content/Models/Miles/2ndWave/Textures2ndwave/MortarANDPestle/SandsOfSetMortar_PestleFinal_openPBR_shader25_Roughness.uexp" 1088
"C:/Users/keega/OneDrive/Desktop/GitHub/ChungusInteractive/SandsOfSet/Content/Models/Miles/2ndWave/Textures2ndwave/MortarANDPestle/SandsOfSetMortar_PestleFinal_openPBR_shader25_Normal.ubulk" 1089
"C:/Users/keega/OneDrive/Desktop/GitHub/ChungusInteractive/SandsOfSet/Content/Models/Miles/2ndWave/Textures2ndwave/MortarANDPestle/SandsOfSetMortar_PestleFinal_openPBR_shader25_Normal.uasset" 1090
"C:/Users/keega/OneDrive/Desktop/GitHub/ChungusInteractive/SandsOfSet/Content/Models/Miles/2ndWave/Textures2ndwave/MortarANDPestle/SandsOfSetMortar_PestleFinal_openPBR_shader25_Normal.uexp" 1091
"C:/Users/keega/OneDrive/Desktop/GitHub/ChungusInteractive/SandsOfSet/Content/Models/Miles/2ndWave/Textures2ndwave/MortarANDPestle/SandsOfSetMortar_PestleFinal_openPBR_shader25_Metallic.ubulk" 1092
"C:/Users/keega/OneDrive/Desktop/GitHub/ChungusInteractive/SandsOfSet/Content/Models/Miles/2ndWave/Textures2ndwave/MortarANDPestle/SandsOfSetMortar_PestleFinal_openPBR_shader25_Metallic.uasset" 1093
"C:/Users/keega/OneDrive/Desktop/GitHub/ChungusInteractive/SandsOfSet/Content/Models/Miles/2ndWave/Textures2ndwave/MortarANDPestle/SandsOfSetMortar_PestleFinal_openPBR_shader25_Metallic.uexp" 1094
"C:/Users/keega/OneDrive/Desktop/GitHub/ChungusInteractive/SandsOfSet/Content/Models/Miles/2ndWave/Textures2ndwave/MortarANDPestle/SandsOfSetMortar_PestleFinal_openPBR_shader25_Height.ubulk" 1095
"C:/Users/keega/OneDrive/Desktop/GitHub/ChungusInteractive/SandsOfSet/Content/Models/Miles/2ndWave/Textures2ndwave/MortarANDPestle/SandsOfSetMortar_PestleFinal_openPBR_shader25_Height.uasset" 1096
"C:/Users/keega/OneDrive/Desktop/GitHub/ChungusInteractive/SandsOfSet/Content/Models/Miles/2ndWave/Textures2ndwave/MortarANDPestle/SandsOfSetMortar_PestleFinal_openPBR_shader25_Height.uexp" 1097
"C:/Users/keega/OneDrive/Desktop/GitHub/ChungusInteractive/SandsOfSet/Content/Models/Miles/2ndWave/Textures2ndwave/MortarANDPestle/SandsOfSetMortar_PestleFinal_openPBR_shader25_BaseColor.ubulk" 1098
"C:/Users/keega/OneDrive/Desktop/GitHub/ChungusInteractive/SandsOfSet/Content/Models/Miles/2ndWave/Textures2ndwave/MortarANDPestle/SandsOfSetMortar_PestleFinal_openPBR_shader25_BaseColor.uasset" 1099
"C:/Users/keega/OneDrive/Desktop/GitHub/ChungusInteractive/SandsOfSet/Content/Models/Miles/2ndWave/Textures2ndwave/MortarANDPestle/SandsOfSetMortar_PestleFinal_openPBR_shader25_BaseColor.uexp" 1100
"C:/Users/keega/OneDrive/Desktop/GitHub/ChungusInteractive/SandsOfSet/Content/Models/Miles/2ndWave/Materials/MortarANDPestle/MAP.uasset" 1101
"C:/Users/keega/OneDrive/Desktop/GitHub/ChungusInteractive/SandsOfSet/Content/Models/Miles/2ndWave/Materials/MortarANDPestle/MAP.uexp" 1102
"C:/Users/keega/OneDrive/Desktop/GitHub/ChungusInteractive/SandsOfSet/Content/Models/Miles/2ndWave/Textures2ndwave/JumpingPlatform2/SandsOfSetJumpingPlatform2Final_openPBR_shader30_Roughness.ubulk" 1103
"C:/Users/keega/OneDrive/Desktop/GitHub/ChungusInteractive/SandsOfSet/Content/Models/Miles/2ndWave/Textures2ndwave/JumpingPlatform2/SandsOfSetJumpingPlatform2Final_openPBR_shader30_Roughness.uasset" 1104
"C:/Users/keega/OneDrive/Desktop/GitHub/ChungusInteractive/SandsOfSet/Content/Models/Miles/2ndWave/Textures2ndwave/JumpingPlatform2/SandsOfSetJumpingPlatform2Final_openPBR_shader30_Roughness.uexp" 1105
"C:/Users/keega/OneDrive/Desktop/GitHub/ChungusInteractive/SandsOfSet/Content/Models/Miles/2ndWave/Textures2ndwave/JumpingPlatform2/SandsOfSetJumpingPlatform2Final_openPBR_shader30_Normal.ubulk" 1106
"C:/Users/keega/OneDrive/Desktop/GitHub/ChungusInteractive/SandsOfSet/Content/Models/Miles/2ndWave/Textures2ndwave/JumpingPlatform2/SandsOfSetJumpingPlatform2Final_openPBR_shader30_Normal.uasset" 1107
"C:/Users/keega/OneDrive/Desktop/GitHub/ChungusInteractive/SandsOfSet/Content/Models/Miles/2ndWave/Textures2ndwave/JumpingPlatform2/SandsOfSetJumpingPlatform2Final_openPBR_shader30_Normal.uexp" 1108
"C:/Users/keega/OneDrive/Desktop/GitHub/ChungusInteractive/SandsOfSet/Content/Models/Miles/2ndWave/Textures2ndwave/JumpingPlatform2/SandsOfSetJumpingPlatform2Final_openPBR_shader30_Metallic.ubulk" 1109
"C:/Users/keega/OneDrive/Desktop/GitHub/ChungusInteractive/SandsOfSet/Content/Models/Miles/2ndWave/Textures2ndwave/JumpingPlatform2/SandsOfSetJumpingPlatform2Final_openPBR_shader30_Metallic.uasset" 1110
"C:/Users/keega/OneDrive/Desktop/GitHub/ChungusInteractive/SandsOfSet/Content/Models/Miles/2ndWave/Textures2ndwave/JumpingPlatform2/SandsOfSetJumpingPlatform2Final_openPBR_shader30_Metallic.uexp" 1111
"C:/Users/keega/OneDrive/Desktop/GitHub/ChungusInteractive/SandsOfSet/Content/Models/Miles/2ndWave/Textures2ndwave/JumpingPlatform2/SandsOfSetJumpingPlatform2Final_openPBR_shader30_Height.ubulk" 1112
"C:/Users/keega/OneDrive/Desktop/GitHub/ChungusInteractive/SandsOfSet/Content/Models/Miles/2ndWave/Textures2ndwave/JumpingPlatform2/SandsOfSetJumpingPlatform2Final_openPBR_shader30_Height.uasset" 1113
"C:/Users/keega/OneDrive/Desktop/GitHub/ChungusInteractive/SandsOfSet/Content/Models/Miles/2ndWave/Textures2ndwave/JumpingPlatform2/SandsOfSetJumpingPlatform2Final_openPBR_shader30_Height.uexp" 1114
"C:/Users/keega/OneDrive/Desktop/GitHub/ChungusInteractive/SandsOfSet/Content/Models/Miles/2ndWave/Textures2ndwave/JumpingPlatform2/SandsOfSetJumpingPlatform2Final_openPBR_shader30_BaseColor.ubulk" 1115
"C:/Users/keega/OneDrive/Desktop/GitHub/ChungusInteractive/SandsOfSet/Content/Models/Miles/2ndWave/Textures2ndwave/JumpingPlatform2/SandsOfSetJumpingPlatform2Final_openPBR_shader30_BaseColor.uasset" 1116
"C:/Users/keega/OneDrive/Desktop/GitHub/ChungusInteractive/SandsOfSet/Content/Models/Miles/2ndWave/Textures2ndwave/JumpingPlatform2/SandsOfSetJumpingPlatform2Final_openPBR_shader30_BaseColor.uexp" 1117
"C:/Users/keega/OneDrive/Desktop/GitHub/ChungusInteractive/SandsOfSet/Content/Models/Miles/2ndWave/Materials/JumpingPlatform2/JP2.uasset" 1118
"C:/Users/keega/OneDrive/Desktop/GitHub/ChungusInteractive/SandsOfSet/Content/Models/Miles/2ndWave/Materials/JumpingPlatform2/JP2.uexp" 1119
"C:/Users/keega/OneDrive/Desktop/GitHub/ChungusInteractive/SandsOfSet/Content/Models/Miles/2ndWave/Textures2ndwave/JumpingPlatform1/SandsOfSetJumpingPlatform1Final_openPBR_shader30_Roughness.ubulk" 1120
"C:/Users/keega/OneDrive/Desktop/GitHub/ChungusInteractive/SandsOfSet/Content/Models/Miles/2ndWave/Textures2ndwave/JumpingPlatform1/SandsOfSetJumpingPlatform1Final_openPBR_shader30_Roughness.uasset" 1121
"C:/Users/keega/OneDrive/Desktop/GitHub/ChungusInteractive/SandsOfSet/Content/Models/Miles/2ndWave/Textures2ndwave/JumpingPlatform1/SandsOfSetJumpingPlatform1Final_openPBR_shader30_Roughness.uexp" 1122
"C:/Users/keega/OneDrive/Desktop/GitHub/ChungusInteractive/SandsOfSet/Content/Models/Miles/2ndWave/Textures2ndwave/JumpingPlatform1/SandsOfSetJumpingPlatform1Final_openPBR_shader30_Normal.ubulk" 1123
"C:/Users/keega/OneDrive/Desktop/GitHub/ChungusInteractive/SandsOfSet/Content/Models/Miles/2ndWave/Textures2ndwave/JumpingPlatform1/SandsOfSetJumpingPlatform1Final_openPBR_shader30_Normal.uasset" 1124
"C:/Users/keega/OneDrive/Desktop/GitHub/ChungusInteractive/SandsOfSet/Content/Models/Miles/2ndWave/Textures2ndwave/JumpingPlatform1/SandsOfSetJumpingPlatform1Final_openPBR_shader30_Normal.uexp" 1125
"C:/Users/keega/OneDrive/Desktop/GitHub/ChungusInteractive/SandsOfSet/Content/Models/Miles/2ndWave/Textures2ndwave/JumpingPlatform1/SandsOfSetJumpingPlatform1Final_openPBR_shader30_Metallic.ubulk" 1126
"C:/Users/keega/OneDrive/Desktop/GitHub/ChungusInteractive/SandsOfSet/Content/Models/Miles/2ndWave/Textures2ndwave/JumpingPlatform1/SandsOfSetJumpingPlatform1Final_openPBR_shader30_Metallic.uasset" 1127
"C:/Users/keega/OneDrive/Desktop/GitHub/ChungusInteractive/SandsOfSet/Content/Models/Miles/2ndWave/Textures2ndwave/JumpingPlatform1/SandsOfSetJumpingPlatform1Final_openPBR_shader30_Metallic.uexp" 1128
"C:/Users/keega/OneDrive/Desktop/GitHub/ChungusInteractive/SandsOfSet/Content/Models/Miles/2ndWave/Textures2ndwave/JumpingPlatform1/SandsOfSetJumpingPlatform1Final_openPBR_shader30_Height.ubulk" 1129
"C:/Users/keega/OneDrive/Desktop/GitHub/ChungusInteractive/SandsOfSet/Content/Models/Miles/2ndWave/Textures2ndwave/JumpingPlatform1/SandsOfSetJumpingPlatform1Final_openPBR_shader30_Height.uasset" 1130
"C:/Users/keega/OneDrive/Desktop/GitHub/ChungusInteractive/SandsOfSet/Content/Models/Miles/2ndWave/Textures2ndwave/JumpingPlatform1/SandsOfSetJumpingPlatform1Final_openPBR_shader30_Height.uexp" 1131
"C:/Users/keega/OneDrive/Desktop/GitHub/ChungusInteractive/SandsOfSet/Content/Models/Miles/2ndWave/Textures2ndwave/JumpingPlatform1/SandsOfSetJumpingPlatform1Final_openPBR_shader30_BaseColor.ubulk" 1132
"C:/Users/keega/OneDrive/Desktop/GitHub/ChungusInteractive/SandsOfSet/Content/Models/Miles/2ndWave/Textures2ndwave/JumpingPlatform1/SandsOfSetJumpingPlatform1Final_openPBR_shader30_BaseColor.uasset" 1133
"C:/Users/keega/OneDrive/Desktop/GitHub/ChungusInteractive/SandsOfSet/Content/Models/Miles/2ndWave/Textures2ndwave/JumpingPlatform1/SandsOfSetJumpingPlatform1Final_openPBR_shader30_BaseColor.uexp" 1134
"C:/Users/keega/OneDrive/Desktop/GitHub/ChungusInteractive/SandsOfSet/Content/Models/Miles/2ndWave/Materials/JumpingPlatform1/JP1.uasset" 1135
"C:/Users/keega/OneDrive/Desktop/GitHub/ChungusInteractive/SandsOfSet/Content/Models/Miles/2ndWave/Materials/JumpingPlatform1/JP1.uexp" 1136
"C:/Users/keega/OneDrive/Desktop/GitHub/ChungusInteractive/SandsOfSet/Content/Models/Miles/2ndWave/Textures2ndwave/Chair/SandsOfSetChairFinal_openPBR_shader30_Roughness.ubulk" 1137
"C:/Users/keega/OneDrive/Desktop/GitHub/ChungusInteractive/SandsOfSet/Content/Models/Miles/2ndWave/Textures2ndwave/Chair/SandsOfSetChairFinal_openPBR_shader30_Roughness.uasset" 1138
"C:/Users/keega/OneDrive/Desktop/GitHub/ChungusInteractive/SandsOfSet/Content/Models/Miles/2ndWave/Textures2ndwave/Chair/SandsOfSetChairFinal_openPBR_shader30_Roughness.uexp" 1139
"C:/Users/keega/OneDrive/Desktop/GitHub/ChungusInteractive/SandsOfSet/Content/Models/Miles/2ndWave/Textures2ndwave/Chair/SandsOfSetChairFinal_openPBR_shader30_Normal.ubulk" 1140
"C:/Users/keega/OneDrive/Desktop/GitHub/ChungusInteractive/SandsOfSet/Content/Models/Miles/2ndWave/Textures2ndwave/Chair/SandsOfSetChairFinal_openPBR_shader30_Normal.uasset" 1141
"C:/Users/keega/OneDrive/Desktop/GitHub/ChungusInteractive/SandsOfSet/Content/Models/Miles/2ndWave/Textures2ndwave/Chair/SandsOfSetChairFinal_openPBR_shader30_Normal.uexp" 1142
"C:/Users/keega/OneDrive/Desktop/GitHub/ChungusInteractive/SandsOfSet/Content/Models/Miles/2ndWave/Textures2ndwave/Chair/SandsOfSetChairFinal_openPBR_shader30_Metallic.ubulk" 1143
"C:/Users/keega/OneDrive/Desktop/GitHub/ChungusInteractive/SandsOfSet/Content/Models/Miles/2ndWave/Textures2ndwave/Chair/SandsOfSetChairFinal_openPBR_shader30_Metallic.uasset" 1144
"C:/Users/keega/OneDrive/Desktop/GitHub/ChungusInteractive/SandsOfSet/Content/Models/Miles/2ndWave/Textures2ndwave/Chair/SandsOfSetChairFinal_openPBR_shader30_Metallic.uexp" 1145
"C:/Users/keega/OneDrive/Desktop/GitHub/ChungusInteractive/SandsOfSet/Content/Models/Miles/2ndWave/Textures2ndwave/Chair/SandsOfSetChairFinal_openPBR_shader30_Height.ubulk" 1146
"C:/Users/keega/OneDrive/Desktop/GitHub/ChungusInteractive/SandsOfSet/Content/Models/Miles/2ndWave/Textures2ndwave/Chair/SandsOfSetChairFinal_openPBR_shader30_Height.uasset" 1147
"C:/Users/keega/OneDrive/Desktop/GitHub/ChungusInteractive/SandsOfSet/Content/Models/Miles/2ndWave/Textures2ndwave/Chair/SandsOfSetChairFinal_openPBR_shader30_Height.uexp" 1148
"C:/Users/keega/OneDrive/Desktop/GitHub/ChungusInteractive/SandsOfSet/Content/Models/Miles/2ndWave/Textures2ndwave/Chair/SandsOfSetChairFinal_openPBR_shader30_BaseColor.ubulk" 1149
"C:/Users/keega/OneDrive/Desktop/GitHub/ChungusInteractive/SandsOfSet/Content/Models/Miles/2ndWave/Textures2ndwave/Chair/SandsOfSetChairFinal_openPBR_shader30_BaseColor.uasset" 1150
"C:/Users/keega/OneDrive/Desktop/GitHub/ChungusInteractive/SandsOfSet/Content/Models/Miles/2ndWave/Textures2ndwave/Chair/SandsOfSetChairFinal_openPBR_shader30_BaseColor.uexp" 1151
"C:/Users/keega/OneDrive/Desktop/GitHub/ChungusInteractive/SandsOfSet/Content/Models/Miles/2ndWave/Materials/Chair/Chair.uasset" 1152
"C:/Users/keega/OneDrive/Desktop/GitHub/ChungusInteractive/SandsOfSet/Content/Models/Miles/2ndWave/Materials/Chair/Chair.uexp" 1153
"C:/Users/keega/OneDrive/Desktop/GitHub/ChungusInteractive/SandsOfSet/Content/Models/Miles/2ndWave/openPBR_shader30.uasset" 1154
"C:/Users/keega/OneDrive/Desktop/GitHub/ChungusInteractive/SandsOfSet/Content/Models/Miles/2ndWave/openPBR_shader30.uexp" 1155
"C:/Users/keega/OneDrive/Desktop/GitHub/ChungusInteractive/SandsOfSet/Content/Models/Miles/2ndWave/Chair.ubulk" 1156
"C:/Users/keega/OneDrive/Desktop/GitHub/ChungusInteractive/SandsOfSet/Content/Models/Miles/2ndWave/Chair.uasset" 1157
"C:/Users/keega/OneDrive/Desktop/GitHub/ChungusInteractive/SandsOfSet/Content/Models/Miles/2ndWave/Chair.uexp" 1158
"C:/Users/keega/OneDrive/Desktop/GitHub/ChungusInteractive/SandsOfSet/Content/Models/Miles/2ndWave/JumpingPlatfrom1.ubulk" 1159
"C:/Users/keega/OneDrive/Desktop/GitHub/ChungusInteractive/SandsOfSet/Content/Models/Miles/2ndWave/JumpingPlatfrom1.uasset" 1160
"C:/Users/keega/OneDrive/Desktop/GitHub/ChungusInteractive/SandsOfSet/Content/Models/Miles/2ndWave/JumpingPlatfrom1.uexp" 1161
"C:/Users/keega/OneDrive/Desktop/GitHub/ChungusInteractive/SandsOfSet/Content/Models/Miles/2ndWave/JumpingPlatfrom2.ubulk" 1162
"C:/Users/keega/OneDrive/Desktop/GitHub/ChungusInteractive/SandsOfSet/Content/Models/Miles/2ndWave/JumpingPlatfrom2.uasset" 1163
"C:/Users/keega/OneDrive/Desktop/GitHub/ChungusInteractive/SandsOfSet/Content/Models/Miles/2ndWave/JumpingPlatfrom2.uexp" 1164
"C:/Users/keega/OneDrive/Desktop/GitHub/ChungusInteractive/SandsOfSet/Content/Models/Miles/2ndWave/Scroll1.ubulk" 1165
"C:/Users/keega/OneDrive/Desktop/GitHub/ChungusInteractive/SandsOfSet/Content/Models/Miles/2ndWave/Scroll1.uasset" 1166
"C:/Users/keega/OneDrive/Desktop/GitHub/ChungusInteractive/SandsOfSet/Content/Models/Miles/2ndWave/Scroll1.uexp" 1167
"C:/Users/keega/OneDrive/Desktop/GitHub/ChungusInteractive/SandsOfSet/Content/Models/Miles/2ndWave/Stool.ubulk" 1168
"C:/Users/keega/OneDrive/Desktop/GitHub/ChungusInteractive/SandsOfSet/Content/Models/Miles/2ndWave/Stool.uasset" 1169
"C:/Users/keega/OneDrive/Desktop/GitHub/ChungusInteractive/SandsOfSet/Content/Models/Miles/2ndWave/Stool.uexp" 1170
"C:/Users/keega/OneDrive/Desktop/GitHub/ChungusInteractive/SandsOfSet/Content/Models/Miles/2ndWave/Table.ubulk" 1171
"C:/Users/keega/OneDrive/Desktop/GitHub/ChungusInteractive/SandsOfSet/Content/Models/Miles/2ndWave/Table.uasset" 1172
"C:/Users/keega/OneDrive/Desktop/GitHub/ChungusInteractive/SandsOfSet/Content/Models/Miles/2ndWave/Table.uexp" 1173
"C:/Users/keega/OneDrive/Desktop/GitHub/ChungusInteractive/SandsOfSet/Content/Models/Miles/2ndWave/openPBR_shader35.uasset" 1174
"C:/Users/keega/OneDrive/Desktop/GitHub/ChungusInteractive/SandsOfSet/Content/Models/Miles/2ndWave/openPBR_shader35.uexp" 1175
"C:/Users/keega/OneDrive/Desktop/GitHub/ChungusInteractive/SandsOfSet/Content/Models/Miles/2ndWave/Vase1.ubulk" 1176
"C:/Users/keega/OneDrive/Desktop/GitHub/ChungusInteractive/SandsOfSet/Content/Models/Miles/2ndWave/Vase1.uasset" 1177
"C:/Users/keega/OneDrive/Desktop/GitHub/ChungusInteractive/SandsOfSet/Content/Models/Miles/2ndWave/Vase1.uexp" 1178
"C:/Users/keega/OneDrive/Desktop/GitHub/ChungusInteractive/SandsOfSet/Content/Models/Miles/2ndWave/openPBR_shader29.uasset" 1179
"C:/Users/keega/OneDrive/Desktop/GitHub/ChungusInteractive/SandsOfSet/Content/Models/Miles/2ndWave/openPBR_shader29.uexp" 1180
"C:/Users/keega/OneDrive/Desktop/GitHub/ChungusInteractive/SandsOfSet/Content/Models/Miles/2ndWave/Vase2.ubulk" 1181
"C:/Users/keega/OneDrive/Desktop/GitHub/ChungusInteractive/SandsOfSet/Content/Models/Miles/2ndWave/Vase2.uasset" 1182
"C:/Users/keega/OneDrive/Desktop/GitHub/ChungusInteractive/SandsOfSet/Content/Models/Miles/2ndWave/Vase2.uexp" 1183
"C:/Users/keega/OneDrive/Desktop/GitHub/ChungusInteractive/SandsOfSet/Content/Models/Miles/2ndWave/openPBR_shader28.uasset" 1184
"C:/Users/keega/OneDrive/Desktop/GitHub/ChungusInteractive/SandsOfSet/Content/Models/Miles/2ndWave/openPBR_shader28.uexp" 1185
"C:/Users/keega/OneDrive/Desktop/GitHub/ChungusInteractive/SandsOfSet/Content/Models/Miles/2ndWave/Vase3.ubulk" 1186
"C:/Users/keega/OneDrive/Desktop/GitHub/ChungusInteractive/SandsOfSet/Content/Models/Miles/2ndWave/Vase3.uasset" 1187
"C:/Users/keega/OneDrive/Desktop/GitHub/ChungusInteractive/SandsOfSet/Content/Models/Miles/2ndWave/Vase3.uexp" 1188
"C:/Users/keega/OneDrive/Desktop/GitHub/ChungusInteractive/SandsOfSet/Content/Models/Miles/2ndWave/WallTorch.ubulk" 1189
"C:/Users/keega/OneDrive/Desktop/GitHub/ChungusInteractive/SandsOfSet/Content/Models/Miles/2ndWave/WallTorch.uasset" 1190
"C:/Users/keega/OneDrive/Desktop/GitHub/ChungusInteractive/SandsOfSet/Content/Models/Miles/2ndWave/WallTorch.uexp" 1191
"C:/Users/keega/OneDrive/Desktop/GitHub/ChungusInteractive/SandsOfSet/Content/Models/_GENERATED/Owner/Stairs_589616E3.ubulk" 1192
"C:/Users/keega/OneDrive/Desktop/GitHub/ChungusInteractive/SandsOfSet/Content/Models/_GENERATED/Owner/Stairs_589616E3.uasset" 1193
"C:/Users/keega/OneDrive/Desktop/GitHub/ChungusInteractive/SandsOfSet/Content/Models/_GENERATED/Owner/Stairs_589616E3.uexp" 1194
"C:/Users/keega/OneDrive/Desktop/GitHub/ChungusInteractive/SandsOfSet/Content/Models/_GENERATED/Owner/Stairs_BC8F1081.ubulk" 1195
"C:/Users/keega/OneDrive/Desktop/GitHub/ChungusInteractive/SandsOfSet/Content/Models/_GENERATED/Owner/Stairs_BC8F1081.uasset" 1196
"C:/Users/keega/OneDrive/Desktop/GitHub/ChungusInteractive/SandsOfSet/Content/Models/_GENERATED/Owner/Stairs_BC8F1081.uexp" 1197
"../../../Engine/Content/ArtTools/RenderToTexture/Meshes/S_1_Unit_Plane.ubulk" 1198
"../../../Engine/Content/ArtTools/RenderToTexture/Meshes/S_1_Unit_Plane.uasset" 1199
"../../../Engine/Content/ArtTools/RenderToTexture/Meshes/S_1_Unit_Plane.uexp" 1200
"C:/Users/keega/OneDrive/Desktop/GitHub/ChungusInteractive/SandsOfSet/Content/Models/Isaiah/Cube_002.ubulk" 1201
"C:/Users/keega/OneDrive/Desktop/GitHub/ChungusInteractive/SandsOfSet/Content/Models/Isaiah/Cube_002.uasset" 1202
"C:/Users/keega/OneDrive/Desktop/GitHub/ChungusInteractive/SandsOfSet/Content/Models/Isaiah/Cube_002.uexp" 1203
"C:/Users/keega/OneDrive/Desktop/GitHub/ChungusInteractive/SandsOfSet/Content/Models/Isaiah/Cube_003.ubulk" 1204
"C:/Users/keega/OneDrive/Desktop/GitHub/ChungusInteractive/SandsOfSet/Content/Models/Isaiah/Cube_003.uasset" 1205
"C:/Users/keega/OneDrive/Desktop/GitHub/ChungusInteractive/SandsOfSet/Content/Models/Isaiah/Cube_003.uexp" 1206
"C:/Users/keega/OneDrive/Desktop/GitHub/ChungusInteractive/SandsOfSet/Content/Models/Isaiah/Cube_006.ubulk" 1207
"C:/Users/keega/OneDrive/Desktop/GitHub/ChungusInteractive/SandsOfSet/Content/Models/Isaiah/Cube_006.uasset" 1208
"C:/Users/keega/OneDrive/Desktop/GitHub/ChungusInteractive/SandsOfSet/Content/Models/Isaiah/Cube_006.uexp" 1209
"C:/Users/keega/OneDrive/Desktop/GitHub/ChungusInteractive/SandsOfSet/Content/Models/Isaiah/Pillar8.ubulk" 1210
"C:/Users/keega/OneDrive/Desktop/GitHub/ChungusInteractive/SandsOfSet/Content/Models/Isaiah/Pillar8.uasset" 1211
"C:/Users/keega/OneDrive/Desktop/GitHub/ChungusInteractive/SandsOfSet/Content/Models/Isaiah/Pillar8.uexp" 1212
"C:/Users/keega/OneDrive/Desktop/GitHub/ChungusInteractive/SandsOfSet/Content/Models/Miles/pCylinder4.ubulk" 1213
"C:/Users/keega/OneDrive/Desktop/GitHub/ChungusInteractive/SandsOfSet/Content/Models/Miles/pCylinder4.uasset" 1214
"C:/Users/keega/OneDrive/Desktop/GitHub/ChungusInteractive/SandsOfSet/Content/Models/Miles/pCylinder4.uexp" 1215
"C:/Users/keega/OneDrive/Desktop/GitHub/ChungusInteractive/SandsOfSet/Content/Models/Miles/pCylinder9.ubulk" 1216
"C:/Users/keega/OneDrive/Desktop/GitHub/ChungusInteractive/SandsOfSet/Content/Models/Miles/pCylinder9.uasset" 1217
"C:/Users/keega/OneDrive/Desktop/GitHub/ChungusInteractive/SandsOfSet/Content/Models/Miles/pCylinder9.uexp" 1218
"C:/Users/keega/OneDrive/Desktop/GitHub/ChungusInteractive/SandsOfSet/Content/Models/Miles/polySurface86.ubulk" 1219
"C:/Users/keega/OneDrive/Desktop/GitHub/ChungusInteractive/SandsOfSet/Content/Models/Miles/polySurface86.uasset" 1220
"C:/Users/keega/OneDrive/Desktop/GitHub/ChungusInteractive/SandsOfSet/Content/Models/Miles/polySurface86.uexp" 1221
"C:/Users/keega/OneDrive/Desktop/GitHub/ChungusInteractive/SandsOfSet/Content/Models/Miles/pSphere11.ubulk" 1222
"C:/Users/keega/OneDrive/Desktop/GitHub/ChungusInteractive/SandsOfSet/Content/Models/Miles/pSphere11.uasset" 1223
"C:/Users/keega/OneDrive/Desktop/GitHub/ChungusInteractive/SandsOfSet/Content/Models/Miles/pSphere11.uexp" 1224
"C:/Users/keega/OneDrive/Desktop/GitHub/ChungusInteractive/SandsOfSet/Content/Models/Miles/SandsofSetAlter_1.ubulk" 1225
"C:/Users/keega/OneDrive/Desktop/GitHub/ChungusInteractive/SandsOfSet/Content/Models/Miles/SandsofSetAlter_1.uasset" 1226
"C:/Users/keega/OneDrive/Desktop/GitHub/ChungusInteractive/SandsOfSet/Content/Models/Miles/SandsofSetAlter_1.uexp" 1227
"C:/Users/keega/OneDrive/Desktop/GitHub/ChungusInteractive/SandsOfSet/Content/Models/Miles/SandsofSetAlter_2.ubulk" 1228
"C:/Users/keega/OneDrive/Desktop/GitHub/ChungusInteractive/SandsOfSet/Content/Models/Miles/SandsofSetAlter_2.uasset" 1229
"C:/Users/keega/OneDrive/Desktop/GitHub/ChungusInteractive/SandsOfSet/Content/Models/Miles/SandsofSetAlter_2.uexp" 1230
"C:/Users/keega/OneDrive/Desktop/GitHub/ChungusInteractive/SandsOfSet/Content/Models/Miles/SandsofSetAlter_3.ubulk" 1231
"C:/Users/keega/OneDrive/Desktop/GitHub/ChungusInteractive/SandsOfSet/Content/Models/Miles/SandsofSetAlter_3.uasset" 1232
"C:/Users/keega/OneDrive/Desktop/GitHub/ChungusInteractive/SandsOfSet/Content/Models/Miles/SandsofSetAlter_3.uexp" 1233
"C:/Users/keega/OneDrive/Desktop/GitHub/ChungusInteractive/SandsOfSet/Content/Models/Miles/SandsofSetAlter_4.ubulk" 1234
"C:/Users/keega/OneDrive/Desktop/GitHub/ChungusInteractive/SandsOfSet/Content/Models/Miles/SandsofSetAlter_4.uasset" 1235
"C:/Users/keega/OneDrive/Desktop/GitHub/ChungusInteractive/SandsOfSet/Content/Models/Miles/SandsofSetAlter_4.uexp" 1236
"C:/Users/keega/OneDrive/Desktop/GitHub/ChungusInteractive/SandsOfSet/Content/Models/Miles/SandsofSetAlter_5.ubulk" 1237
"C:/Users/keega/OneDrive/Desktop/GitHub/ChungusInteractive/SandsOfSet/Content/Models/Miles/SandsofSetAlter_5.uasset" 1238
"C:/Users/keega/OneDrive/Desktop/GitHub/ChungusInteractive/SandsOfSet/Content/Models/Miles/SandsofSetAlter_5.uexp" 1239
"C:/Users/keega/OneDrive/Desktop/GitHub/ChungusInteractive/SandsOfSet/Content/Models/Miles/SandsofSetAnhk.ubulk" 1240
"C:/Users/keega/OneDrive/Desktop/GitHub/ChungusInteractive/SandsOfSet/Content/Models/Miles/SandsofSetAnhk.uasset" 1241
"C:/Users/keega/OneDrive/Desktop/GitHub/ChungusInteractive/SandsOfSet/Content/Models/Miles/SandsofSetAnhk.uexp" 1242
"C:/Users/keega/OneDrive/Desktop/GitHub/ChungusInteractive/SandsOfSet/Content/Models/Miles/Texture/DoorFrames/SandsofSetDoorFrame_1_initialShadingGroup_Roughness.ubulk" 1243
"C:/Users/keega/OneDrive/Desktop/GitHub/ChungusInteractive/SandsOfSet/Content/Models/Miles/Texture/DoorFrames/SandsofSetDoorFrame_1_initialShadingGroup_Roughness.uasset" 1244
"C:/Users/keega/OneDrive/Desktop/GitHub/ChungusInteractive/SandsOfSet/Content/Models/Miles/Texture/DoorFrames/SandsofSetDoorFrame_1_initialShadingGroup_Roughness.uexp" 1245
"C:/Users/keega/OneDrive/Desktop/GitHub/ChungusInteractive/SandsOfSet/Content/Models/Miles/Texture/DoorFrames/SandsofSetDoorFrame_1_initialShadingGroup_Normal.ubulk" 1246
"C:/Users/keega/OneDrive/Desktop/GitHub/ChungusInteractive/SandsOfSet/Content/Models/Miles/Texture/DoorFrames/SandsofSetDoorFrame_1_initialShadingGroup_Normal.uasset" 1247
"C:/Users/keega/OneDrive/Desktop/GitHub/ChungusInteractive/SandsOfSet/Content/Models/Miles/Texture/DoorFrames/SandsofSetDoorFrame_1_initialShadingGroup_Normal.uexp" 1248
"C:/Users/keega/OneDrive/Desktop/GitHub/ChungusInteractive/SandsOfSet/Content/Models/Miles/Texture/DoorFrames/SandsofSetDoorFrame_1_initialShadingGroup_Metallic.ubulk" 1249
"C:/Users/keega/OneDrive/Desktop/GitHub/ChungusInteractive/SandsOfSet/Content/Models/Miles/Texture/DoorFrames/SandsofSetDoorFrame_1_initialShadingGroup_Metallic.uasset" 1250
"C:/Users/keega/OneDrive/Desktop/GitHub/ChungusInteractive/SandsOfSet/Content/Models/Miles/Texture/DoorFrames/SandsofSetDoorFrame_1_initialShadingGroup_Metallic.uexp" 1251
"C:/Users/keega/OneDrive/Desktop/GitHub/ChungusInteractive/SandsOfSet/Content/Models/Miles/Texture/DoorFrames/SandsofSetDoorFrame_1_initialShadingGroup_Height.ubulk" 1252
"C:/Users/keega/OneDrive/Desktop/GitHub/ChungusInteractive/SandsOfSet/Content/Models/Miles/Texture/DoorFrames/SandsofSetDoorFrame_1_initialShadingGroup_Height.uasset" 1253
"C:/Users/keega/OneDrive/Desktop/GitHub/ChungusInteractive/SandsOfSet/Content/Models/Miles/Texture/DoorFrames/SandsofSetDoorFrame_1_initialShadingGroup_Height.uexp" 1254
"C:/Users/keega/OneDrive/Desktop/GitHub/ChungusInteractive/SandsOfSet/Content/Models/Miles/Texture/DoorFrames/SandsofSetDoorFrame_1_initialShadingGroup_BaseColor.ubulk" 1255
"C:/Users/keega/OneDrive/Desktop/GitHub/ChungusInteractive/SandsOfSet/Content/Models/Miles/Texture/DoorFrames/SandsofSetDoorFrame_1_initialShadingGroup_BaseColor.uasset" 1256
"C:/Users/keega/OneDrive/Desktop/GitHub/ChungusInteractive/SandsOfSet/Content/Models/Miles/Texture/DoorFrames/SandsofSetDoorFrame_1_initialShadingGroup_BaseColor.uexp" 1257
"C:/Users/keega/OneDrive/Desktop/GitHub/ChungusInteractive/SandsOfSet/Content/Models/Miles/Texture/DoorFrames/M_DoorFrame1.uasset" 1258
"C:/Users/keega/OneDrive/Desktop/GitHub/ChungusInteractive/SandsOfSet/Content/Models/Miles/Texture/DoorFrames/M_DoorFrame1.uexp" 1259
"C:/Users/keega/OneDrive/Desktop/GitHub/ChungusInteractive/SandsOfSet/Content/Models/Miles/SandsofSetDoorFrame_1.ubulk" 1260
"C:/Users/keega/OneDrive/Desktop/GitHub/ChungusInteractive/SandsOfSet/Content/Models/Miles/SandsofSetDoorFrame_1.uasset" 1261
"C:/Users/keega/OneDrive/Desktop/GitHub/ChungusInteractive/SandsOfSet/Content/Models/Miles/SandsofSetDoorFrame_1.uexp" 1262
"C:/Users/keega/OneDrive/Desktop/GitHub/ChungusInteractive/SandsOfSet/Content/Models/Miles/SandsofSetPillar_1.ubulk" 1263
"C:/Users/keega/OneDrive/Desktop/GitHub/ChungusInteractive/SandsOfSet/Content/Models/Miles/SandsofSetPillar_1.uasset" 1264
"C:/Users/keega/OneDrive/Desktop/GitHub/ChungusInteractive/SandsOfSet/Content/Models/Miles/SandsofSetPillar_1.uexp" 1265
"C:/Users/keega/OneDrive/Desktop/GitHub/ChungusInteractive/SandsOfSet/Content/Models/Miles/SandsofSetSmallAlter.ubulk" 1266
"C:/Users/keega/OneDrive/Desktop/GitHub/ChungusInteractive/SandsOfSet/Content/Models/Miles/SandsofSetSmallAlter.uasset" 1267
"C:/Users/keega/OneDrive/Desktop/GitHub/ChungusInteractive/SandsOfSet/Content/Models/Miles/SandsofSetSmallAlter.uexp" 1268
"C:/Users/keega/OneDrive/Desktop/GitHub/ChungusInteractive/SandsOfSet/Content/_GENERATED/Owner/Box_251A5F72.ubulk" 1269
"C:/Users/keega/OneDrive/Desktop/GitHub/ChungusInteractive/SandsOfSet/Content/_GENERATED/Owner/Box_251A5F72.uasset" 1270
"C:/Users/keega/OneDrive/Desktop/GitHub/ChungusInteractive/SandsOfSet/Content/_GENERATED/Owner/Box_251A5F72.uexp" 1271
"C:/Users/keega/OneDrive/Desktop/GitHub/ChungusInteractive/SandsOfSet/Content/_GENERATED/Owner/Box_6F701C3C.ubulk" 1272
"C:/Users/keega/OneDrive/Desktop/GitHub/ChungusInteractive/SandsOfSet/Content/_GENERATED/Owner/Box_6F701C3C.uasset" 1273
"C:/Users/keega/OneDrive/Desktop/GitHub/ChungusInteractive/SandsOfSet/Content/_GENERATED/Owner/Box_6F701C3C.uexp" 1274
"C:/Users/keega/OneDrive/Desktop/GitHub/ChungusInteractive/SandsOfSet/Content/_GENERATED/Owner/Box_92D4864F.ubulk" 1275
"C:/Users/keega/OneDrive/Desktop/GitHub/ChungusInteractive/SandsOfSet/Content/_GENERATED/Owner/Box_92D4864F.uasset" 1276
"C:/Users/keega/OneDrive/Desktop/GitHub/ChungusInteractive/SandsOfSet/Content/_GENERATED/Owner/Box_92D4864F.uexp" 1277
"C:/Users/keega/OneDrive/Desktop/GitHub/ChungusInteractive/SandsOfSet/Content/_GENERATED/Owner/Box_A93E468C.ubulk" 1278
"C:/Users/keega/OneDrive/Desktop/GitHub/ChungusInteractive/SandsOfSet/Content/_GENERATED/Owner/Box_A93E468C.uasset" 1279
"C:/Users/keega/OneDrive/Desktop/GitHub/ChungusInteractive/SandsOfSet/Content/_GENERATED/Owner/Box_A93E468C.uexp" 1280
"C:/Users/keega/OneDrive/Desktop/GitHub/ChungusInteractive/SandsOfSet/Content/_GENERATED/Owner/Box_D8A3ED05.ubulk" 1281
"C:/Users/keega/OneDrive/Desktop/GitHub/ChungusInteractive/SandsOfSet/Content/_GENERATED/Owner/Box_D8A3ED05.uasset" 1282
"C:/Users/keega/OneDrive/Desktop/GitHub/ChungusInteractive/SandsOfSet/Content/_GENERATED/Owner/Box_D8A3ED05.uexp" 1283
"../../../Engine/Content/VREditor/TransformGizmo/TranslucentTransformGizmoMaterial.uasset" 1284
"../../../Engine/Content/VREditor/TransformGizmo/TranslucentTransformGizmoMaterial.uexp" 1285
"../../../Engine/Content/VREditor/LaserPointer/VR_LaserPower_01.ubulk" 1286
"../../../Engine/Content/VREditor/LaserPointer/VR_LaserPower_01.uasset" 1287
"../../../Engine/Content/VREditor/LaserPointer/VR_LaserPower_01.uexp" 1288
"../../../Engine/Content/VREditor/TransformGizmo/TransformGizmoMaterial.uasset" 1289
"../../../Engine/Content/VREditor/TransformGizmo/TransformGizmoMaterial.uexp" 1290
"../../../Engine/Content/VREditor/TransformGizmo/BoundingBoxCorner.ubulk" 1291
"../../../Engine/Content/VREditor/TransformGizmo/BoundingBoxCorner.uasset" 1292
"../../../Engine/Content/VREditor/TransformGizmo/BoundingBoxCorner.uexp" 1293
"../../../Engine/Content/VREditor/TransformGizmo/BoundingBoxEdge.ubulk" 1294
"../../../Engine/Content/VREditor/TransformGizmo/BoundingBoxEdge.uasset" 1295
"../../../Engine/Content/VREditor/TransformGizmo/BoundingBoxEdge.uexp" 1296
"../../../Engine/Content/VREditor/TransformGizmo/Xray.uasset" 1297
"../../../Engine/Content/VREditor/TransformGizmo/Xray.uexp" 1298
"../../../Engine/Content/VREditor/TransformGizmo/Main.uasset" 1299
"../../../Engine/Content/VREditor/TransformGizmo/Main.uexp" 1300
"../../../Engine/Content/VREditor/TransformGizmo/SM_Sequencer_Node.ubulk" 1301
"../../../Engine/Content/VREditor/TransformGizmo/SM_Sequencer_Node.uasset" 1302
"../../../Engine/Content/VREditor/TransformGizmo/SM_Sequencer_Node.uexp" 1303
"../../../Engine/Content/EditorMaterials/Camera/CineMat.uasset" 1304
"../../../Engine/Content/EditorMaterials/Camera/CineMat.uexp" 1305
"../../../Engine/Content/EditorMaterials/Camera/MI_CineMat_Rig.uasset" 1306
"../../../Engine/Content/EditorMaterials/Camera/MI_CineMat_Rig.uexp" 1307
"../../../Engine/Content/EditorMeshes/Camera/SM_CraneRig_Arm.ubulk" 1308
"../../../Engine/Content/EditorMeshes/Camera/SM_CraneRig_Arm.uasset" 1309
"../../../Engine/Content/EditorMeshes/Camera/SM_CraneRig_Arm.uexp" 1310
"../../../Engine/Content/EditorMeshes/Camera/SM_CraneRig_Base.ubulk" 1311
"../../../Engine/Content/EditorMeshes/Camera/SM_CraneRig_Base.uasset" 1312
"../../../Engine/Content/EditorMeshes/Camera/SM_CraneRig_Base.uexp" 1313
"../../../Engine/Content/EditorMeshes/Camera/SM_CraneRig_Body.ubulk" 1314
"../../../Engine/Content/EditorMeshes/Camera/SM_CraneRig_Body.uasset" 1315
"../../../Engine/Content/EditorMeshes/Camera/SM_CraneRig_Body.uexp" 1316
"../../../Engine/Content/EditorMeshes/Camera/SM_CraneRig_Mount.ubulk" 1317
"../../../Engine/Content/EditorMeshes/Camera/SM_CraneRig_Mount.uasset" 1318
"../../../Engine/Content/EditorMeshes/Camera/SM_CraneRig_Mount.uexp" 1319
"../../../Engine/Content/EditorMeshes/Camera/SM_RailRig_Mount.ubulk" 1320
"../../../Engine/Content/EditorMeshes/Camera/SM_RailRig_Mount.uasset" 1321
"../../../Engine/Content/EditorMeshes/Camera/SM_RailRig_Mount.uexp" 1322
"../../../Engine/Content/EditorMeshes/Camera/SM_RailRig_Track.ubulk" 1323
"../../../Engine/Content/EditorMeshes/Camera/SM_RailRig_Track.uasset" 1324
"../../../Engine/Content/EditorMeshes/Camera/SM_RailRig_Track.uexp" 1325
"../../../Engine/Content/BasicShapes/Cone.ubulk" 1326
"../../../Engine/Content/BasicShapes/Cone.uasset" 1327
"../../../Engine/Content/BasicShapes/Cone.uexp" 1328
"../../../Engine/Content/EditorLandscapeResources/SplineEditorMeshMat.uasset" 1329
"../../../Engine/Content/EditorLandscapeResources/SplineEditorMeshMat.uexp" 1330
"../../../Engine/Content/EditorLandscapeResources/SplineEditorMesh.ubulk" 1331
"../../../Engine/Content/EditorLandscapeResources/SplineEditorMesh.uasset" 1332
"../../../Engine/Content/EditorLandscapeResources/SplineEditorMesh.uexp" 1333
"../../../Engine/Content/EngineMaterials/WeightMapPlaceholderTexture.uasset" 1334
"../../../Engine/Content/EngineMaterials/WeightMapPlaceholderTexture.uexp" 1335
"../../../Engine/Content/EngineMaterials/WeightMapArrayPlaceholderTexture.uasset" 1336
"../../../Engine/Content/EngineMaterials/WeightMapArrayPlaceholderTexture.uexp" 1337
"../../../Engine/Content/EngineMeshes/Sphere.ubulk" 1338
"../../../Engine/Content/EngineMeshes/Sphere.uasset" 1339
"../../../Engine/Content/EngineMeshes/Sphere.uexp" 1340
"../../../Engine/Plugins/Animation/ControlRig/Content/Controls/ControlRig_Arrow2_1mm.ubulk" 1341
"../../../Engine/Plugins/Animation/ControlRig/Content/Controls/ControlRig_Arrow2_1mm.uasset" 1342
"../../../Engine/Plugins/Animation/ControlRig/Content/Controls/ControlRig_Arrow2_1mm.uexp" 1343
"../../../Engine/Plugins/Animation/ControlRig/Content/Controls/ControlRig_Arrow2_3mm.ubulk" 1344
"../../../Engine/Plugins/Animation/ControlRig/Content/Controls/ControlRig_Arrow2_3mm.uasset" 1345
"../../../Engine/Plugins/Animation/ControlRig/Content/Controls/ControlRig_Arrow2_3mm.uexp" 1346
"../../../Engine/Plugins/Animation/ControlRig/Content/Controls/ControlRig_Arrow2_solid.ubulk" 1347
"../../../Engine/Plugins/Animation/ControlRig/Content/Controls/ControlRig_Arrow2_solid.uasset" 1348
"../../../Engine/Plugins/Animation/ControlRig/Content/Controls/ControlRig_Arrow2_solid.uexp" 1349
"../../../Engine/Plugins/Animation/ControlRig/Content/Controls/ControlRig_Arrow4_1mm.ubulk" 1350
"../../../Engine/Plugins/Animation/ControlRig/Content/Controls/ControlRig_Arrow4_1mm.uasset" 1351
"../../../Engine/Plugins/Animation/ControlRig/Content/Controls/ControlRig_Arrow4_1mm.uexp" 1352
"../../../Engine/Plugins/Animation/ControlRig/Content/Controls/ControlRig_Arrow4_3mm.ubulk" 1353
"../../../Engine/Plugins/Animation/ControlRig/Content/Controls/ControlRig_Arrow4_3mm.uasset" 1354
"../../../Engine/Plugins/Animation/ControlRig/Content/Controls/ControlRig_Arrow4_3mm.uexp" 1355
"../../../Engine/Plugins/Animation/ControlRig/Content/Controls/ControlRig_Arrow4_solid.ubulk" 1356
"../../../Engine/Plugins/Animation/ControlRig/Content/Controls/ControlRig_Arrow4_solid.uasset" 1357
"../../../Engine/Plugins/Animation/ControlRig/Content/Controls/ControlRig_Arrow4_solid.uexp" 1358
"../../../Engine/Plugins/Animation/ControlRig/Content/Controls/ControlRig_Arrow_1mm.ubulk" 1359
"../../../Engine/Plugins/Animation/ControlRig/Content/Controls/ControlRig_Arrow_1mm.uasset" 1360
"../../../Engine/Plugins/Animation/ControlRig/Content/Controls/ControlRig_Arrow_1mm.uexp" 1361
"../../../Engine/Plugins/Animation/ControlRig/Content/Controls/ControlRig_Arrow_3mm.ubulk" 1362
"../../../Engine/Plugins/Animation/ControlRig/Content/Controls/ControlRig_Arrow_3mm.uasset" 1363
"../../../Engine/Plugins/Animation/ControlRig/Content/Controls/ControlRig_Arrow_3mm.uexp" 1364
"../../../Engine/Plugins/Animation/ControlRig/Content/Controls/ControlRig_Arrow_solid.ubulk" 1365
"../../../Engine/Plugins/Animation/ControlRig/Content/Controls/ControlRig_Arrow_solid.uasset" 1366
"../../../Engine/Plugins/Animation/ControlRig/Content/Controls/ControlRig_Arrow_solid.uexp" 1367
"../../../Engine/Plugins/Animation/ControlRig/Content/Controls/ControlRig_Box_1mm.ubulk" 1368
"../../../Engine/Plugins/Animation/ControlRig/Content/Controls/ControlRig_Box_1mm.uasset" 1369
"../../../Engine/Plugins/Animation/ControlRig/Content/Controls/ControlRig_Box_1mm.uexp" 1370
"../../../Engine/Plugins/Animation/ControlRig/Content/Controls/ControlRig_Box_3mm.ubulk" 1371
"../../../Engine/Plugins/Animation/ControlRig/Content/Controls/ControlRig_Box_3mm.uasset" 1372
"../../../Engine/Plugins/Animation/ControlRig/Content/Controls/ControlRig_Box_3mm.uexp" 1373
"../../../Engine/Plugins/Animation/ControlRig/Content/Controls/ControlRig_Box_solid.ubulk" 1374
"../../../Engine/Plugins/Animation/ControlRig/Content/Controls/ControlRig_Box_solid.uasset" 1375
"../../../Engine/Plugins/Animation/ControlRig/Content/Controls/ControlRig_Box_solid.uexp" 1376
"../../../Engine/Plugins/Animation/ControlRig/Content/Controls/ControlRig_Circle_1mm.ubulk" 1377
"../../../Engine/Plugins/Animation/ControlRig/Content/Controls/ControlRig_Circle_1mm.uasset" 1378
"../../../Engine/Plugins/Animation/ControlRig/Content/Controls/ControlRig_Circle_1mm.uexp" 1379
"../../../Engine/Plugins/Animation/ControlRig/Content/Controls/ControlRig_Circle_3mm.ubulk" 1380
"../../../Engine/Plugins/Animation/ControlRig/Content/Controls/ControlRig_Circle_3mm.uasset" 1381
"../../../Engine/Plugins/Animation/ControlRig/Content/Controls/ControlRig_Circle_3mm.uexp" 1382
"../../../Engine/Plugins/Animation/ControlRig/Content/Controls/ControlRig_Circle_solid.ubulk" 1383
"../../../Engine/Plugins/Animation/ControlRig/Content/Controls/ControlRig_Circle_solid.uasset" 1384
"../../../Engine/Plugins/Animation/ControlRig/Content/Controls/ControlRig_Circle_solid.uexp" 1385
"../../../Engine/Plugins/Animation/ControlRig/Content/Controls/ControlRig_Diamond_1mm.ubulk" 1386
"../../../Engine/Plugins/Animation/ControlRig/Content/Controls/ControlRig_Diamond_1mm.uasset" 1387
"../../../Engine/Plugins/Animation/ControlRig/Content/Controls/ControlRig_Diamond_1mm.uexp" 1388
"../../../Engine/Plugins/Animation/ControlRig/Content/Controls/ControlRig_Diamond_3mm.ubulk" 1389
"../../../Engine/Plugins/Animation/ControlRig/Content/Controls/ControlRig_Diamond_3mm.uasset" 1390
"../../../Engine/Plugins/Animation/ControlRig/Content/Controls/ControlRig_Diamond_3mm.uexp" 1391
"../../../Engine/Plugins/Animation/ControlRig/Content/Controls/ControlRig_Diamond_solid.ubulk" 1392
"../../../Engine/Plugins/Animation/ControlRig/Content/Controls/ControlRig_Diamond_solid.uasset" 1393
"../../../Engine/Plugins/Animation/ControlRig/Content/Controls/ControlRig_Diamond_solid.uexp" 1394
"../../../Engine/Plugins/Animation/ControlRig/Content/Controls/ControlRig_HalfCircle_1mm.ubulk" 1395
"../../../Engine/Plugins/Animation/ControlRig/Content/Controls/ControlRig_HalfCircle_1mm.uasset" 1396
"../../../Engine/Plugins/Animation/ControlRig/Content/Controls/ControlRig_HalfCircle_1mm.uexp" 1397
"../../../Engine/Plugins/Animation/ControlRig/Content/Controls/ControlRig_HalfCircle_3mm.ubulk" 1398
"../../../Engine/Plugins/Animation/ControlRig/Content/Controls/ControlRig_HalfCircle_3mm.uasset" 1399
"../../../Engine/Plugins/Animation/ControlRig/Content/Controls/ControlRig_HalfCircle_3mm.uexp" 1400
"../../../Engine/Plugins/Animation/ControlRig/Content/Controls/ControlRig_HalfCircle_solid.ubulk" 1401
"../../../Engine/Plugins/Animation/ControlRig/Content/Controls/ControlRig_HalfCircle_solid.uasset" 1402
"../../../Engine/Plugins/Animation/ControlRig/Content/Controls/ControlRig_HalfCircle_solid.uexp" 1403
"../../../Engine/Plugins/Animation/ControlRig/Content/Controls/ControlRig_Hexagon_1mm.ubulk" 1404
"../../../Engine/Plugins/Animation/ControlRig/Content/Controls/ControlRig_Hexagon_1mm.uasset" 1405
"../../../Engine/Plugins/Animation/ControlRig/Content/Controls/ControlRig_Hexagon_1mm.uexp" 1406
"../../../Engine/Plugins/Animation/ControlRig/Content/Controls/ControlRig_Hexagon_3mm.ubulk" 1407
"../../../Engine/Plugins/Animation/ControlRig/Content/Controls/ControlRig_Hexagon_3mm.uasset" 1408
"../../../Engine/Plugins/Animation/ControlRig/Content/Controls/ControlRig_Hexagon_3mm.uexp" 1409
"../../../Engine/Plugins/Animation/ControlRig/Content/Controls/ControlRig_Hexagon_solid.ubulk" 1410
"../../../Engine/Plugins/Animation/ControlRig/Content/Controls/ControlRig_Hexagon_solid.uasset" 1411
"../../../Engine/Plugins/Animation/ControlRig/Content/Controls/ControlRig_Hexagon_solid.uexp" 1412
"../../../Engine/Plugins/Animation/ControlRig/Content/Controls/ControlRig_Octagon_1mm.ubulk" 1413
"../../../Engine/Plugins/Animation/ControlRig/Content/Controls/ControlRig_Octagon_1mm.uasset" 1414
"../../../Engine/Plugins/Animation/ControlRig/Content/Controls/ControlRig_Octagon_1mm.uexp" 1415
"../../../Engine/Plugins/Animation/ControlRig/Content/Controls/ControlRig_Octagon_3mm.ubulk" 1416
"../../../Engine/Plugins/Animation/ControlRig/Content/Controls/ControlRig_Octagon_3mm.uasset" 1417
"../../../Engine/Plugins/Animation/ControlRig/Content/Controls/ControlRig_Octagon_3mm.uexp" 1418
"../../../Engine/Plugins/Animation/ControlRig/Content/Controls/ControlRig_Octagon_solid.ubulk" 1419
"../../../Engine/Plugins/Animation/ControlRig/Content/Controls/ControlRig_Octagon_solid.uasset" 1420
"../../../Engine/Plugins/Animation/ControlRig/Content/Controls/ControlRig_Octagon_solid.uexp" 1421
"../../../Engine/Plugins/Animation/ControlRig/Content/Controls/ControlRig_Pyramid_1mm.ubulk" 1422
"../../../Engine/Plugins/Animation/ControlRig/Content/Controls/ControlRig_Pyramid_1mm.uasset" 1423
"../../../Engine/Plugins/Animation/ControlRig/Content/Controls/ControlRig_Pyramid_1mm.uexp" 1424
"../../../Engine/Plugins/Animation/ControlRig/Content/Controls/ControlRig_Pyramid_3mm.ubulk" 1425
"../../../Engine/Plugins/Animation/ControlRig/Content/Controls/ControlRig_Pyramid_3mm.uasset" 1426
"../../../Engine/Plugins/Animation/ControlRig/Content/Controls/ControlRig_Pyramid_3mm.uexp" 1427
"../../../Engine/Plugins/Animation/ControlRig/Content/Controls/ControlRig_Pyramid_solid.ubulk" 1428
"../../../Engine/Plugins/Animation/ControlRig/Content/Controls/ControlRig_Pyramid_solid.uasset" 1429
"../../../Engine/Plugins/Animation/ControlRig/Content/Controls/ControlRig_Pyramid_solid.uexp" 1430
"../../../Engine/Plugins/Animation/ControlRig/Content/Controls/ControlRig_QuarterCircle_1mm.ubulk" 1431
"../../../Engine/Plugins/Animation/ControlRig/Content/Controls/ControlRig_QuarterCircle_1mm.uasset" 1432
"../../../Engine/Plugins/Animation/ControlRig/Content/Controls/ControlRig_QuarterCircle_1mm.uexp" 1433
"../../../Engine/Plugins/Animation/ControlRig/Content/Controls/ControlRig_QuarterCircle_3mm.ubulk" 1434
"../../../Engine/Plugins/Animation/ControlRig/Content/Controls/ControlRig_QuarterCircle_3mm.uasset" 1435
"../../../Engine/Plugins/Animation/ControlRig/Content/Controls/ControlRig_QuarterCircle_3mm.uexp" 1436
"../../../Engine/Plugins/Animation/ControlRig/Content/Controls/ControlRig_QuarterCircle_solid.ubulk" 1437
"../../../Engine/Plugins/Animation/ControlRig/Content/Controls/ControlRig_QuarterCircle_solid.uasset" 1438
"../../../Engine/Plugins/Animation/ControlRig/Content/Controls/ControlRig_QuarterCircle_solid.uexp" 1439
"../../../Engine/Plugins/Animation/ControlRig/Content/Controls/ControlRig_RoundedSquare_1mm.ubulk" 1440
"../../../Engine/Plugins/Animation/ControlRig/Content/Controls/ControlRig_RoundedSquare_1mm.uasset" 1441
"../../../Engine/Plugins/Animation/ControlRig/Content/Controls/ControlRig_RoundedSquare_1mm.uexp" 1442
"../../../Engine/Plugins/Animation/ControlRig/Content/Controls/ControlRig_RoundedSquare_3mm.ubulk" 1443
"../../../Engine/Plugins/Animation/ControlRig/Content/Controls/ControlRig_RoundedSquare_3mm.uasset" 1444
"../../../Engine/Plugins/Animation/ControlRig/Content/Controls/ControlRig_RoundedSquare_3mm.uexp" 1445
"../../../Engine/Plugins/Animation/ControlRig/Content/Controls/ControlRig_RoundedSquare_solid.ubulk" 1446
"../../../Engine/Plugins/Animation/ControlRig/Content/Controls/ControlRig_RoundedSquare_solid.uasset" 1447
"../../../Engine/Plugins/Animation/ControlRig/Content/Controls/ControlRig_RoundedSquare_solid.uexp" 1448
"../../../Engine/Plugins/Animation/ControlRig/Content/Controls/ControlRig_RoundedTriangle_1mm.ubulk" 1449
"../../../Engine/Plugins/Animation/ControlRig/Content/Controls/ControlRig_RoundedTriangle_1mm.uasset" 1450
"../../../Engine/Plugins/Animation/ControlRig/Content/Controls/ControlRig_RoundedTriangle_1mm.uexp" 1451
"../../../Engine/Plugins/Animation/ControlRig/Content/Controls/ControlRig_RoundedTriangle_3mm.ubulk" 1452
"../../../Engine/Plugins/Animation/ControlRig/Content/Controls/ControlRig_RoundedTriangle_3mm.uasset" 1453
"../../../Engine/Plugins/Animation/ControlRig/Content/Controls/ControlRig_RoundedTriangle_3mm.uexp" 1454
"../../../Engine/Plugins/Animation/ControlRig/Content/Controls/ControlRig_RoundedTriangle_solid.ubulk" 1455
"../../../Engine/Plugins/Animation/ControlRig/Content/Controls/ControlRig_RoundedTriangle_solid.uasset" 1456
"../../../Engine/Plugins/Animation/ControlRig/Content/Controls/ControlRig_RoundedTriangle_solid.uexp" 1457
"../../../Engine/Plugins/Animation/ControlRig/Content/Controls/ControlRig_Sphere_1mm.ubulk" 1458
"../../../Engine/Plugins/Animation/ControlRig/Content/Controls/ControlRig_Sphere_1mm.uasset" 1459
"../../../Engine/Plugins/Animation/ControlRig/Content/Controls/ControlRig_Sphere_1mm.uexp" 1460
"../../../Engine/Plugins/Animation/ControlRig/Content/Controls/ControlRig_Sphere_3mm.ubulk" 1461
"../../../Engine/Plugins/Animation/ControlRig/Content/Controls/ControlRig_Sphere_3mm.uasset" 1462
"../../../Engine/Plugins/Animation/ControlRig/Content/Controls/ControlRig_Sphere_3mm.uexp" 1463
"../../../Engine/Plugins/Animation/ControlRig/Content/Controls/ControlRig_Sphere_solid.ubulk" 1464
"../../../Engine/Plugins/Animation/ControlRig/Content/Controls/ControlRig_Sphere_solid.uasset" 1465
"../../../Engine/Plugins/Animation/ControlRig/Content/Controls/ControlRig_Sphere_solid.uexp" 1466
"../../../Engine/Plugins/Animation/ControlRig/Content/Controls/ControlRig_Square_1mm.ubulk" 1467
"../../../Engine/Plugins/Animation/ControlRig/Content/Controls/ControlRig_Square_1mm.uasset" 1468
"../../../Engine/Plugins/Animation/ControlRig/Content/Controls/ControlRig_Square_1mm.uexp" 1469
"../../../Engine/Plugins/Animation/ControlRig/Content/Controls/ControlRig_Square_3mm.ubulk" 1470
"../../../Engine/Plugins/Animation/ControlRig/Content/Controls/ControlRig_Square_3mm.uasset" 1471
"../../../Engine/Plugins/Animation/ControlRig/Content/Controls/ControlRig_Square_3mm.uexp" 1472
"../../../Engine/Plugins/Animation/ControlRig/Content/Controls/ControlRig_Square_solid.ubulk" 1473
"../../../Engine/Plugins/Animation/ControlRig/Content/Controls/ControlRig_Square_solid.uasset" 1474
"../../../Engine/Plugins/Animation/ControlRig/Content/Controls/ControlRig_Square_solid.uexp" 1475
"../../../Engine/Plugins/Animation/ControlRig/Content/Controls/ControlRig_Star4_1mm.ubulk" 1476
"../../../Engine/Plugins/Animation/ControlRig/Content/Controls/ControlRig_Star4_1mm.uasset" 1477
"../../../Engine/Plugins/Animation/ControlRig/Content/Controls/ControlRig_Star4_1mm.uexp" 1478
"../../../Engine/Plugins/Animation/ControlRig/Content/Controls/ControlRig_Star4_3mm.ubulk" 1479
"../../../Engine/Plugins/Animation/ControlRig/Content/Controls/ControlRig_Star4_3mm.uasset" 1480
"../../../Engine/Plugins/Animation/ControlRig/Content/Controls/ControlRig_Star4_3mm.uexp" 1481
"../../../Engine/Plugins/Animation/ControlRig/Content/Controls/ControlRig_Star4_solid.ubulk" 1482
"../../../Engine/Plugins/Animation/ControlRig/Content/Controls/ControlRig_Star4_solid.uasset" 1483
"../../../Engine/Plugins/Animation/ControlRig/Content/Controls/ControlRig_Star4_solid.uexp" 1484
"../../../Engine/Plugins/Animation/ControlRig/Content/Controls/ControlRig_Triangle_1mm.ubulk" 1485
"../../../Engine/Plugins/Animation/ControlRig/Content/Controls/ControlRig_Triangle_1mm.uasset" 1486
"../../../Engine/Plugins/Animation/ControlRig/Content/Controls/ControlRig_Triangle_1mm.uexp" 1487
"../../../Engine/Plugins/Animation/ControlRig/Content/Controls/ControlRig_Triangle_3mm.ubulk" 1488
"../../../Engine/Plugins/Animation/ControlRig/Content/Controls/ControlRig_Triangle_3mm.uasset" 1489
"../../../Engine/Plugins/Animation/ControlRig/Content/Controls/ControlRig_Triangle_3mm.uexp" 1490
"../../../Engine/Plugins/Animation/ControlRig/Content/Controls/ControlRig_Triangle_solid.ubulk" 1491
"../../../Engine/Plugins/Animation/ControlRig/Content/Controls/ControlRig_Triangle_solid.uasset" 1492
"../../../Engine/Plugins/Animation/ControlRig/Content/Controls/ControlRig_Triangle_solid.uexp" 1493
"../../../Engine/Plugins/Animation/ControlRig/Content/Controls/ControlRig_Wedge_1mm.ubulk" 1494
"../../../Engine/Plugins/Animation/ControlRig/Content/Controls/ControlRig_Wedge_1mm.uasset" 1495
"../../../Engine/Plugins/Animation/ControlRig/Content/Controls/ControlRig_Wedge_1mm.uexp" 1496
"../../../Engine/Plugins/Animation/ControlRig/Content/Controls/ControlRig_Wedge_3mm.ubulk" 1497
"../../../Engine/Plugins/Animation/ControlRig/Content/Controls/ControlRig_Wedge_3mm.uasset" 1498
"../../../Engine/Plugins/Animation/ControlRig/Content/Controls/ControlRig_Wedge_3mm.uexp" 1499
"../../../Engine/Plugins/Animation/ControlRig/Content/Controls/ControlRig_Wedge_solid.ubulk" 1500
"../../../Engine/Plugins/Animation/ControlRig/Content/Controls/ControlRig_Wedge_solid.uasset" 1501
"../../../Engine/Plugins/Animation/ControlRig/Content/Controls/ControlRig_Wedge_solid.uexp" 1502
"C:/Users/keega/OneDrive/Desktop/GitHub/ChungusInteractive/SandsOfSet/Content/Audio/Music/Sands_of_Set_Background_Music.ubulk" 1503
"C:/Users/keega/OneDrive/Desktop/GitHub/ChungusInteractive/SandsOfSet/Content/Audio/Music/Sands_of_Set_Background_Music.uasset" 1504
"C:/Users/keega/OneDrive/Desktop/GitHub/ChungusInteractive/SandsOfSet/Content/Audio/Music/Sands_of_Set_Background_Music.uexp" 1505
"C:/Users/keega/OneDrive/Desktop/GitHub/ChungusInteractive/SandsOfSet/Content/Audio/cue_background-music.uasset" 1506
"C:/Users/keega/OneDrive/Desktop/GitHub/ChungusInteractive/SandsOfSet/Content/Audio/cue_background-music.uexp" 1507
"C:/Users/keega/OneDrive/Desktop/GitHub/ChungusInteractive/SandsOfSet/Content/Models/Lamp.ubulk" 1508
"C:/Users/keega/OneDrive/Desktop/GitHub/ChungusInteractive/SandsOfSet/Content/Models/Lamp.uasset" 1509
"C:/Users/keega/OneDrive/Desktop/GitHub/ChungusInteractive/SandsOfSet/Content/Models/Lamp.uexp" 1510
"C:/Users/keega/OneDrive/Desktop/GitHub/ChungusInteractive/SandsOfSet/Content/Models/PillarIsaiah.ubulk" 1511
"C:/Users/keega/OneDrive/Desktop/GitHub/ChungusInteractive/SandsOfSet/Content/Models/PillarIsaiah.uasset" 1512
"C:/Users/keega/OneDrive/Desktop/GitHub/ChungusInteractive/SandsOfSet/Content/Models/PillarIsaiah.uexp" 1513
"../../../Engine/Plugins/Media/MediaPlate/Content/SM_MediaPlateScreen.ubulk" 1514
"../../../Engine/Plugins/Media/MediaPlate/Content/SM_MediaPlateScreen.uasset" 1515
"../../../Engine/Plugins/Media/MediaPlate/Content/SM_MediaPlateScreen.uexp" 1516
"../../../Engine/Content/EngineMaterials/Substrate/Glints2/AGlintTex2dArray2.uasset" 1517
"../../../Engine/Content/EngineMaterials/Substrate/Glints2/AGlintTex2dArray2.uexp" 1518
"../../../Engine/Content/EngineMaterials/Substrate/GLints/AGlintTex2dArray.uasset" 1519
"../../../Engine/Content/EngineMaterials/Substrate/GLints/AGlintTex2dArray.uexp" 1520
"../../../Engine/Content/EngineResources/DefaultTextureCube.uasset" 1521
"../../../Engine/Content/EngineResources/DefaultTextureCube.uexp" 1522
"../../../Engine/Plugins/2D/Paper2D/Content/OpaqueUnlitSpriteMaterial.uasset" 1523
"../../../Engine/Plugins/2D/Paper2D/Content/OpaqueUnlitSpriteMaterial.uexp" 1524
"../../../Engine/Plugins/2D/Paper2D/Content/MaskedUnlitSpriteMaterial.uasset" 1525
"../../../Engine/Plugins/2D/Paper2D/Content/MaskedUnlitSpriteMaterial.uexp" 1526
"../../../Engine/Plugins/NNE/NNEDenoiser/Content/NNE_oidn2-3-0_rt_hdr_calb_cnrm_large__dyn__fp16_opset11_ForwardAlpha.uasset" 1527
"../../../Engine/Plugins/NNE/NNEDenoiser/Content/NNE_oidn2-3-0_rt_hdr_calb_cnrm_large__dyn__fp16_opset11_ForwardAlpha.uexp" 1528
"../../../Engine/Plugins/NNE/NNEDenoiser/Content/NNE_oidn2-3-0_rt_hdr_calb_cnrm_large__dyn__fp16_opset11_DenoiseAlpha.uasset" 1529
"../../../Engine/Plugins/NNE/NNEDenoiser/Content/NNE_oidn2-3-0_rt_hdr_calb_cnrm_large__dyn__fp16_opset11_DenoiseAlpha.uexp" 1530
"../../../Engine/Plugins/NNE/NNEDenoiser/Content/NNE_oidn2-3-0_rt_hdr_alb_nrm__dyn__fp16_opset11_ForwardAlpha.uasset" 1531
"../../../Engine/Plugins/NNE/NNEDenoiser/Content/NNE_oidn2-3-0_rt_hdr_alb_nrm__dyn__fp16_opset11_ForwardAlpha.uexp" 1532
"../../../Engine/Plugins/NNE/NNEDenoiser/Content/NNE_oidn2-3-0_rt_hdr_alb_nrm__dyn__fp16_opset11_DenoiseAlpha.uasset" 1533
"../../../Engine/Plugins/NNE/NNEDenoiser/Content/NNE_oidn2-3-0_rt_hdr_alb_nrm__dyn__fp16_opset11_DenoiseAlpha.uexp" 1534
"../../../Engine/Plugins/NNE/NNEDenoiser/Content/NNE_oidn2-3-0_rt_hdr_alb_nrm_small__dyn__fp16_opset11_ForwardAlpha.uasset" 1535
"../../../Engine/Plugins/NNE/NNEDenoiser/Content/NNE_oidn2-3-0_rt_hdr_alb_nrm_small__dyn__fp16_opset11_ForwardAlpha.uexp" 1536
"../../../Engine/Plugins/NNE/NNEDenoiser/Content/NNE_oidn2-3-0_rt_hdr_alb_nrm_small__dyn__fp16_opset11_DenoiseAlpha.uasset" 1537
"../../../Engine/Plugins/NNE/NNEDenoiser/Content/NNE_oidn2-3-0_rt_hdr_alb_nrm_small__dyn__fp16_opset11_DenoiseAlpha.uexp" 1538
"../../../Engine/Content/VREditor/Sounds/UI/Drop_Item_From_ContentBrowser.ubulk" 1539
"../../../Engine/Content/VREditor/Sounds/UI/Drop_Item_From_ContentBrowser.uasset" 1540
"../../../Engine/Content/VREditor/Sounds/UI/Drop_Item_From_ContentBrowser.uexp" 1541
"../../../Engine/Content/VREditor/Sounds/UI/Gizmo_Handle_Clicked.ubulk" 1542
"../../../Engine/Content/VREditor/Sounds/UI/Gizmo_Handle_Clicked.uasset" 1543
"../../../Engine/Content/VREditor/Sounds/UI/Gizmo_Handle_Clicked.uexp" 1544
"../../../Engine/Content/VREditor/Sounds/UI/Object_PickUp.ubulk" 1545
"../../../Engine/Content/VREditor/Sounds/UI/Object_PickUp.uasset" 1546
"../../../Engine/Content/VREditor/Sounds/UI/Object_PickUp.uexp" 1547
"../../../Engine/Content/VREditor/Sounds/UI/Object_Snaps_To_Another_Actor.ubulk" 1548
"../../../Engine/Content/VREditor/Sounds/UI/Object_Snaps_To_Another_Actor.uasset" 1549
"../../../Engine/Content/VREditor/Sounds/UI/Object_Snaps_To_Another_Actor.uexp" 1550
"../../../Engine/Content/VREditor/Sounds/UI/Object_Snaps_To_Grid.ubulk" 1551
"../../../Engine/Content/VREditor/Sounds/UI/Object_Snaps_To_Grid.uasset" 1552
"../../../Engine/Content/VREditor/Sounds/UI/Object_Snaps_To_Grid.uexp" 1553
"../../../Engine/Content/VREditor/Sounds/UI/Scaling_Down.ubulk" 1554
"../../../Engine/Content/VREditor/Sounds/UI/Scaling_Down.uasset" 1555
"../../../Engine/Content/VREditor/Sounds/UI/Scaling_Down.uexp" 1556
"../../../Engine/Content/VREditor/Sounds/UI/Scaling_Up.ubulk" 1557
"../../../Engine/Content/VREditor/Sounds/UI/Scaling_Up.uasset" 1558
"../../../Engine/Content/VREditor/Sounds/UI/Scaling_Up.uexp" 1559
"../../../Engine/Content/VREditor/Sounds/UI/Selection_Changes.ubulk" 1560
"../../../Engine/Content/VREditor/Sounds/UI/Selection_Changes.uasset" 1561
"../../../Engine/Content/VREditor/Sounds/UI/Selection_Changes.uexp" 1562
"../../../Engine/Content/Functions/Engine_MaterialFunctions02/Math/Transform3x3Matrix.uasset" 1563
"../../../Engine/Content/Functions/Engine_MaterialFunctions02/Math/Transform3x3Matrix.uexp" 1564
"../../../Engine/Content/Functions/Engine_MaterialFunctions02/SplitComponents.uasset" 1565
"../../../Engine/Content/Functions/Engine_MaterialFunctions02/SplitComponents.uexp" 1566
"../../../Engine/Content/VREditor/SnapGrid/SnapGridMaterial.uasset" 1567
"../../../Engine/Content/VREditor/SnapGrid/SnapGridMaterial.uexp" 1568
"../../../Engine/Content/VREditor/SnapGrid/SnapGridPlaneMesh.ubulk" 1569
"../../../Engine/Content/VREditor/SnapGrid/SnapGridPlaneMesh.uasset" 1570
"../../../Engine/Content/VREditor/SnapGrid/SnapGridPlaneMesh.uexp" 1571
"../../../Engine/Content/VREditor/TransformGizmo/PlaneTranslationHandle.ubulk" 1572
"../../../Engine/Content/VREditor/TransformGizmo/PlaneTranslationHandle.uasset" 1573
"../../../Engine/Content/VREditor/TransformGizmo/PlaneTranslationHandle.uexp" 1574
"../../../Engine/Content/VREditor/TransformGizmo/RotationHandleFull.ubulk" 1575
"../../../Engine/Content/VREditor/TransformGizmo/RotationHandleFull.uasset" 1576
"../../../Engine/Content/VREditor/TransformGizmo/RotationHandleFull.uexp" 1577
"../../../Engine/Content/VREditor/TransformGizmo/RotationHandleIndicator.ubulk" 1578
"../../../Engine/Content/VREditor/TransformGizmo/RotationHandleIndicator.uasset" 1579
"../../../Engine/Content/VREditor/TransformGizmo/RotationHandleIndicator.uexp" 1580
"../../../Engine/Content/VREditor/TransformGizmo/RotationHandleQuarter.ubulk" 1581
"../../../Engine/Content/VREditor/TransformGizmo/RotationHandleQuarter.uasset" 1582
"../../../Engine/Content/VREditor/TransformGizmo/RotationHandleQuarter.uexp" 1583
"../../../Engine/Content/VREditor/TransformGizmo/StartRotationHandleIndicator.ubulk" 1584
"../../../Engine/Content/VREditor/TransformGizmo/StartRotationHandleIndicator.uasset" 1585
"../../../Engine/Content/VREditor/TransformGizmo/StartRotationHandleIndicator.uexp" 1586
"../../../Engine/Content/VREditor/TransformGizmo/TranslucentTransformGizmoMaterial_Inst.uasset" 1587
"../../../Engine/Content/VREditor/TransformGizmo/TranslucentTransformGizmoMaterial_Inst.uexp" 1588
"../../../Engine/Content/VREditor/TransformGizmo/TransformGizmoFreeRotation.ubulk" 1589
"../../../Engine/Content/VREditor/TransformGizmo/TransformGizmoFreeRotation.uasset" 1590
"../../../Engine/Content/VREditor/TransformGizmo/TransformGizmoFreeRotation.uexp" 1591
"../../../Engine/Content/VREditor/TransformGizmo/TranslateArrowHandle.ubulk" 1592
"../../../Engine/Content/VREditor/TransformGizmo/TranslateArrowHandle.uasset" 1593
"../../../Engine/Content/VREditor/TransformGizmo/TranslateArrowHandle.uexp" 1594
"../../../Engine/Content/VREditor/TransformGizmo/UniformScaleHandle.ubulk" 1595
"../../../Engine/Content/VREditor/TransformGizmo/UniformScaleHandle.uasset" 1596
"../../../Engine/Content/VREditor/TransformGizmo/UniformScaleHandle.uexp" 1597
"../../../Engine/Content/VREditor/TransformGizmo/TransformGizmoMaterial_Inst.uasset" 1598
"../../../Engine/Content/VREditor/TransformGizmo/TransformGizmoMaterial_Inst.uexp" 1599
"../../../Engine/Content/EngineResources/LandscapeVisibilityLayerInfo.uasset" 1600
"../../../Engine/Content/EngineResources/LandscapeVisibilityLayerInfo.uexp" 1601
"../../../Engine/Content/EngineResources/WhiteSquareTexture.uasset" 1602
"../../../Engine/Content/EngineResources/WhiteSquareTexture.uexp" 1603
"../../../Engine/Content/EngineMaterials/Widget3DPassThrough.uasset" 1604
"../../../Engine/Content/EngineMaterials/Widget3DPassThrough.uexp" 1605
"../../../Engine/Content/EngineMaterials/Widget3DPassThrough_Translucent.uasset" 1606
"../../../Engine/Content/EngineMaterials/Widget3DPassThrough_Translucent.uexp" 1607
"../../../Engine/Content/EngineMaterials/Widget3DPassThrough_Translucent_OneSided.uasset" 1608
"../../../Engine/Content/EngineMaterials/Widget3DPassThrough_Translucent_OneSided.uexp" 1609
"../../../Engine/Content/EngineMaterials/Widget3DPassThrough_Opaque.uasset" 1610
"../../../Engine/Content/EngineMaterials/Widget3DPassThrough_Opaque.uexp" 1611
"../../../Engine/Content/EngineMaterials/Widget3DPassThrough_Opaque_OneSided.uasset" 1612
"../../../Engine/Content/EngineMaterials/Widget3DPassThrough_Opaque_OneSided.uexp" 1613
"../../../Engine/Content/EngineMaterials/Widget3DPassThrough_Masked_OneSided.uasset" 1614
"../../../Engine/Content/EngineMaterials/Widget3DPassThrough_Masked_OneSided.uexp" 1615
"../../../Engine/Content/EngineMaterials/Widget3DPassThrough_Masked.uasset" 1616
"../../../Engine/Content/EngineMaterials/Widget3DPassThrough_Masked.uexp" 1617
"../../../Engine/Content/Functions/Engine_MaterialFunctions03/Math/WithinRangeFloat2.uasset" 1618
"../../../Engine/Content/Functions/Engine_MaterialFunctions03/Math/WithinRangeFloat2.uexp" 1619
"../../../Engine/Content/EditorLandscapeResources/SelectBrushMaterial.uasset" 1620
"../../../Engine/Content/EditorLandscapeResources/SelectBrushMaterial.uexp" 1621
"../../../Engine/Content/EditorLandscapeResources/SelectBrushMaterial_SelectedRegion.uasset" 1622
"../../../Engine/Content/EditorLandscapeResources/SelectBrushMaterial_SelectedRegion.uexp" 1623
"../../../Engine/Content/EditorLandscapeResources/SelectBrushMaterial_Selected.uasset" 1624
"../../../Engine/Content/EditorLandscapeResources/SelectBrushMaterial_Selected.uexp" 1625
"../../../Engine/Content/EditorLandscapeResources/MaskBrushMaterial.uasset" 1626
"../../../Engine/Content/EditorLandscapeResources/MaskBrushMaterial.uexp" 1627
"../../../Engine/Content/EditorLandscapeResources/MaskBrushMaterial_MaskedRegion.uasset" 1628
"../../../Engine/Content/EditorLandscapeResources/MaskBrushMaterial_MaskedRegion.uexp" 1629
"../../../Engine/Content/EditorLandscapeResources/ColorMaskBrushMaterial.uasset" 1630
"../../../Engine/Content/EditorLandscapeResources/ColorMaskBrushMaterial.uexp" 1631
"../../../Engine/Content/EditorLandscapeResources/ColorMaskBrushMaterial_MaskedRegion.uasset" 1632
"../../../Engine/Content/EditorLandscapeResources/ColorMaskBrushMaterial_MaskedRegion.uexp" 1633
"../../../Engine/Plugins/Interchange/Assets/Content/gltf/Textures/T_White_srgb.uasset" 1634
"../../../Engine/Plugins/Interchange/Assets/Content/gltf/Textures/T_White_srgb.uexp" 1635
"../../../Engine/Plugins/Interchange/Assets/Content/gltf/MaterialFunctions/MF_BaseColor.uasset" 1636
"../../../Engine/Plugins/Interchange/Assets/Content/gltf/MaterialFunctions/MF_BaseColor.uexp" 1637
"../../../Engine/Plugins/Interchange/Assets/Content/gltf/MaterialFunctions/MF_RotateV2.uasset" 1638
"../../../Engine/Plugins/Interchange/Assets/Content/gltf/MaterialFunctions/MF_RotateV2.uexp" 1639
"../../../Engine/Plugins/Interchange/Assets/Content/gltf/MaterialFunctions/MF_TransformUVs.uasset" 1640
"../../../Engine/Plugins/Interchange/Assets/Content/gltf/MaterialFunctions/MF_TransformUVs.uexp" 1641
"../../../Engine/Plugins/Interchange/Assets/Content/gltf/MaterialBodies/MF_Unlit_Body.uasset" 1642
"../../../Engine/Plugins/Interchange/Assets/Content/gltf/MaterialBodies/MF_Unlit_Body.uexp" 1643
"../../../Engine/Plugins/Interchange/Assets/Content/gltf/M_Unlit.uasset" 1644
"../../../Engine/Plugins/Interchange/Assets/Content/gltf/M_Unlit.uexp" 1645
"../../../Engine/Plugins/Interchange/Assets/Content/gltf/MaterialInstances/MI_Unlit_Opaque_DS.uasset" 1646
"../../../Engine/Plugins/Interchange/Assets/Content/gltf/MaterialInstances/MI_Unlit_Opaque_DS.uexp" 1647
"../../../Engine/Plugins/Interchange/Assets/Content/gltf/MaterialInstances/MI_Unlit_Opaque.uasset" 1648
"../../../Engine/Plugins/Interchange/Assets/Content/gltf/MaterialInstances/MI_Unlit_Opaque.uexp" 1649
"../../../Engine/Plugins/Interchange/Assets/Content/gltf/MaterialInstances/MI_Unlit_Mask_DS.uasset" 1650
"../../../Engine/Plugins/Interchange/Assets/Content/gltf/MaterialInstances/MI_Unlit_Mask_DS.uexp" 1651
"../../../Engine/Plugins/Interchange/Assets/Content/gltf/MaterialInstances/MI_Unlit_Mask.uasset" 1652
"../../../Engine/Plugins/Interchange/Assets/Content/gltf/MaterialInstances/MI_Unlit_Mask.uexp" 1653
"../../../Engine/Plugins/Interchange/Assets/Content/gltf/MaterialInstances/MI_Unlit_Blend_DS.uasset" 1654
"../../../Engine/Plugins/Interchange/Assets/Content/gltf/MaterialInstances/MI_Unlit_Blend_DS.uexp" 1655
"../../../Engine/Plugins/Interchange/Assets/Content/gltf/MaterialInstances/MI_Unlit_Blend.uasset" 1656
"../../../Engine/Plugins/Interchange/Assets/Content/gltf/MaterialInstances/MI_Unlit_Blend.uexp" 1657
"../../../Engine/Content/EngineMaterials/Good64x64TilingNoiseHighFreq.uasset" 1658
"../../../Engine/Content/EngineMaterials/Good64x64TilingNoiseHighFreq.uexp" 1659
"../../../Engine/Content/Functions/Engine_MaterialFunctions02/Texturing/ScreenAlignedPixelToPixelUVs.uasset" 1660
"../../../Engine/Content/Functions/Engine_MaterialFunctions02/Texturing/ScreenAlignedPixelToPixelUVs.uexp" 1661
"../../../Engine/Plugins/Interchange/Assets/Content/Utilities/New_LUT.uasset" 1662
"../../../Engine/Plugins/Interchange/Assets/Content/Utilities/New_LUT.uexp" 1663
"../../../Engine/Content/Functions/Engine_MaterialFunctions03/Math/RemapValueRange.uasset" 1664
"../../../Engine/Content/Functions/Engine_MaterialFunctions03/Math/RemapValueRange.uexp" 1665
"../../../Engine/Plugins/Interchange/Assets/Content/Functions/MF_Iridescence.uasset" 1666
"../../../Engine/Plugins/Interchange/Assets/Content/Functions/MF_Iridescence.uexp" 1667
"../../../Engine/Plugins/Interchange/Assets/Content/gltf/MaterialFunctions/MF_IOR.uasset" 1668
"../../../Engine/Plugins/Interchange/Assets/Content/gltf/MaterialFunctions/MF_IOR.uexp" 1669
"../../../Engine/Plugins/Interchange/Assets/Content/gltf/MaterialFunctions/MF_Iridescence.uasset" 1670
"../../../Engine/Plugins/Interchange/Assets/Content/gltf/MaterialFunctions/MF_Iridescence.uexp" 1671
"../../../Engine/Plugins/Interchange/Assets/Content/gltf/Textures/T_White_Linear.uasset" 1672
"../../../Engine/Plugins/Interchange/Assets/Content/gltf/Textures/T_White_Linear.uexp" 1673
"../../../Engine/Plugins/Interchange/Assets/Content/gltf/MaterialFunctions/MF_MetallicRoughness.uasset" 1674
"../../../Engine/Plugins/Interchange/Assets/Content/gltf/MaterialFunctions/MF_MetallicRoughness.uexp" 1675
"../../../Engine/Plugins/Interchange/Assets/Content/gltf/MaterialFunctions/MF_RotateNormals_TS.uasset" 1676
"../../../Engine/Plugins/Interchange/Assets/Content/gltf/MaterialFunctions/MF_RotateNormals_TS.uexp" 1677
"../../../Engine/Plugins/Interchange/Assets/Content/gltf/MaterialFunctions/MF_ScaleNormal.uasset" 1678
"../../../Engine/Plugins/Interchange/Assets/Content/gltf/MaterialFunctions/MF_ScaleNormal.uexp" 1679
"../../../Engine/Plugins/Interchange/Assets/Content/gltf/Textures/T_Generic_N.uasset" 1680
"../../../Engine/Plugins/Interchange/Assets/Content/gltf/Textures/T_Generic_N.uexp" 1681
"../../../Engine/Plugins/Interchange/Assets/Content/gltf/MaterialFunctions/MF_Normals.uasset" 1682
"../../../Engine/Plugins/Interchange/Assets/Content/gltf/MaterialFunctions/MF_Normals.uexp" 1683
"../../../Engine/Plugins/Interchange/Assets/Content/gltf/MaterialFunctions/MF_Occlusion.uasset" 1684
"../../../Engine/Plugins/Interchange/Assets/Content/gltf/MaterialFunctions/MF_Occlusion.uexp" 1685
"../../../Engine/Plugins/Interchange/Assets/Content/gltf/MaterialFunctions/MF_Specular.uasset" 1686
"../../../Engine/Plugins/Interchange/Assets/Content/gltf/MaterialFunctions/MF_Specular.uexp" 1687
"../../../Engine/Plugins/Interchange/Assets/Content/gltf/Textures/T_Anisotropy_Direction_Linear.uasset" 1688
"../../../Engine/Plugins/Interchange/Assets/Content/gltf/Textures/T_Anisotropy_Direction_Linear.uexp" 1689
"../../../Engine/Plugins/Interchange/Assets/Content/gltf/MaterialFunctions/MF_SpecularAnisotropy.uasset" 1690
"../../../Engine/Plugins/Interchange/Assets/Content/gltf/MaterialFunctions/MF_SpecularAnisotropy.uexp" 1691
"../../../Engine/Plugins/Interchange/Assets/Content/gltf/MaterialFunctions/MF_Fresnel_DS.uasset" 1692
"../../../Engine/Plugins/Interchange/Assets/Content/gltf/MaterialFunctions/MF_Fresnel_DS.uexp" 1693
"../../../Engine/Plugins/Interchange/Assets/Content/gltf/MaterialFunctions/MF_Temporal_Blur.uasset" 1694
"../../../Engine/Plugins/Interchange/Assets/Content/gltf/MaterialFunctions/MF_Temporal_Blur.uexp" 1695
"../../../Engine/Plugins/Interchange/Assets/Content/gltf/MaterialFunctions/MF_Transmission.uasset" 1696
"../../../Engine/Plugins/Interchange/Assets/Content/gltf/MaterialFunctions/MF_Transmission.uexp" 1697
"../../../Engine/Plugins/Interchange/Assets/Content/gltf/MaterialBodies/MF_Transmission_Body.uasset" 1698
"../../../Engine/Plugins/Interchange/Assets/Content/gltf/MaterialBodies/MF_Transmission_Body.uexp" 1699
"../../../Engine/Plugins/Interchange/Assets/Content/gltf/M_Transmission.uasset" 1700
"../../../Engine/Plugins/Interchange/Assets/Content/gltf/M_Transmission.uexp" 1701
"../../../Engine/Plugins/Interchange/Assets/Content/gltf/MaterialInstances/MI_Transmission_DS.uasset" 1702
"../../../Engine/Plugins/Interchange/Assets/Content/gltf/MaterialInstances/MI_Transmission_DS.uexp" 1703
"../../../Engine/Plugins/Interchange/Assets/Content/gltf/MaterialInstances/MI_Transmission.uasset" 1704
"../../../Engine/Plugins/Interchange/Assets/Content/gltf/MaterialInstances/MI_Transmission.uexp" 1705
"../../../Engine/Content/Functions/Engine_MaterialFunctions02/Math/AddComponents.uasset" 1706
"../../../Engine/Content/Functions/Engine_MaterialFunctions02/Math/AddComponents.uexp" 1707
"../../../Engine/Plugins/Interchange/Assets/Content/gltf/MaterialFunctions/MF_Emissive.uasset" 1708
"../../../Engine/Plugins/Interchange/Assets/Content/gltf/MaterialFunctions/MF_Emissive.uexp" 1709
"../../../Engine/Plugins/Interchange/Assets/Content/gltf/MaterialFunctions/MF_DiffuseSpecGloss.uasset" 1710
"../../../Engine/Plugins/Interchange/Assets/Content/gltf/MaterialFunctions/MF_DiffuseSpecGloss.uexp" 1711
"../../../Engine/Plugins/Interchange/Assets/Content/gltf/MaterialFunctions/MF_MaxComponentValue.uasset" 1712
"../../../Engine/Plugins/Interchange/Assets/Content/gltf/MaterialFunctions/MF_MaxComponentValue.uexp" 1713
"../../../Engine/Plugins/Interchange/Assets/Content/gltf/MaterialFunctions/MF_PerceivedBrightness.uasset" 1714
"../../../Engine/Plugins/Interchange/Assets/Content/gltf/MaterialFunctions/MF_PerceivedBrightness.uexp" 1715
"../../../Engine/Plugins/Interchange/Assets/Content/gltf/MaterialFunctions/MF_SpecGlossToMetalRoughness.uasset" 1716
"../../../Engine/Plugins/Interchange/Assets/Content/gltf/MaterialFunctions/MF_SpecGlossToMetalRoughness.uexp" 1717
"../../../Engine/Plugins/Interchange/Assets/Content/gltf/MaterialBodies/MF_SpecularGlossiness_Body.uasset" 1718
"../../../Engine/Plugins/Interchange/Assets/Content/gltf/MaterialBodies/MF_SpecularGlossiness_Body.uexp" 1719
"../../../Engine/Plugins/Interchange/Assets/Content/gltf/M_SpecularGlossiness.uasset" 1720
"../../../Engine/Plugins/Interchange/Assets/Content/gltf/M_SpecularGlossiness.uexp" 1721
"../../../Engine/Plugins/Interchange/Assets/Content/gltf/MaterialInstances/MI_SpecularGlossiness_Opaque_DS.uasset" 1722
"../../../Engine/Plugins/Interchange/Assets/Content/gltf/MaterialInstances/MI_SpecularGlossiness_Opaque_DS.uexp" 1723
"../../../Engine/Plugins/Interchange/Assets/Content/gltf/MaterialInstances/MI_SpecularGlossiness_Opaque.uasset" 1724
"../../../Engine/Plugins/Interchange/Assets/Content/gltf/MaterialInstances/MI_SpecularGlossiness_Opaque.uexp" 1725
"../../../Engine/Plugins/Interchange/Assets/Content/gltf/MaterialInstances/MI_SpecularGlossiness_Mask_DS.uasset" 1726
"../../../Engine/Plugins/Interchange/Assets/Content/gltf/MaterialInstances/MI_SpecularGlossiness_Mask_DS.uexp" 1727
"../../../Engine/Plugins/Interchange/Assets/Content/gltf/MaterialInstances/MI_SpecularGlossiness_Mask.uasset" 1728
"../../../Engine/Plugins/Interchange/Assets/Content/gltf/MaterialInstances/MI_SpecularGlossiness_Mask.uexp" 1729
"../../../Engine/Plugins/Interchange/Assets/Content/gltf/MaterialInstances/MI_SpecularGlossiness_Blend_DS.uasset" 1730
"../../../Engine/Plugins/Interchange/Assets/Content/gltf/MaterialInstances/MI_SpecularGlossiness_Blend_DS.uexp" 1731
"../../../Engine/Plugins/Interchange/Assets/Content/gltf/MaterialInstances/MI_SpecularGlossiness_Blend.uasset" 1732
"../../../Engine/Plugins/Interchange/Assets/Content/gltf/MaterialInstances/MI_SpecularGlossiness_Blend.uexp" 1733
"../../../Engine/Plugins/Interchange/Assets/Content/gltf/MaterialFunctions/MF_Sheen.uasset" 1734
"../../../Engine/Plugins/Interchange/Assets/Content/gltf/MaterialFunctions/MF_Sheen.uexp" 1735
"../../../Engine/Plugins/Interchange/Assets/Content/gltf/MaterialBodies/MF_Sheen_Body.uasset" 1736
"../../../Engine/Plugins/Interchange/Assets/Content/gltf/MaterialBodies/MF_Sheen_Body.uexp" 1737
"../../../Engine/Plugins/Interchange/Assets/Content/gltf/M_Sheen.uasset" 1738
"../../../Engine/Plugins/Interchange/Assets/Content/gltf/M_Sheen.uexp" 1739
"../../../Engine/Plugins/Interchange/Assets/Content/gltf/MaterialInstances/MI_Sheen_Opaque_DS.uasset" 1740
"../../../Engine/Plugins/Interchange/Assets/Content/gltf/MaterialInstances/MI_Sheen_Opaque_DS.uexp" 1741
"../../../Engine/Plugins/Interchange/Assets/Content/gltf/MaterialInstances/MI_Sheen_Opaque.uasset" 1742
"../../../Engine/Plugins/Interchange/Assets/Content/gltf/MaterialInstances/MI_Sheen_Opaque.uexp" 1743
"../../../Engine/Plugins/Interchange/Assets/Content/gltf/MaterialInstances/MI_Sheen_Mask_DS.uasset" 1744
"../../../Engine/Plugins/Interchange/Assets/Content/gltf/MaterialInstances/MI_Sheen_Mask_DS.uexp" 1745
"../../../Engine/Plugins/Interchange/Assets/Content/gltf/MaterialInstances/MI_Sheen_Mask.uasset" 1746
"../../../Engine/Plugins/Interchange/Assets/Content/gltf/MaterialInstances/MI_Sheen_Mask.uexp" 1747
"../../../Engine/Plugins/Interchange/Assets/Content/gltf/MaterialInstances/MI_Sheen_Blend_DS.uasset" 1748
"../../../Engine/Plugins/Interchange/Assets/Content/gltf/MaterialInstances/MI_Sheen_Blend_DS.uexp" 1749
"../../../Engine/Plugins/Interchange/Assets/Content/gltf/MaterialInstances/MI_Sheen_Blend.uasset" 1750
"../../../Engine/Plugins/Interchange/Assets/Content/gltf/MaterialInstances/MI_Sheen_Blend.uexp" 1751
"../../../Engine/Plugins/Interchange/Assets/Content/gltf/MaterialBodies/MF_Default_Body.uasset" 1752
"../../../Engine/Plugins/Interchange/Assets/Content/gltf/MaterialBodies/MF_Default_Body.uexp" 1753
"../../../Engine/Plugins/Interchange/Assets/Content/gltf/M_Default.uasset" 1754
"../../../Engine/Plugins/Interchange/Assets/Content/gltf/M_Default.uexp" 1755
"../../../Engine/Plugins/Interchange/Assets/Content/gltf/MaterialInstances/MI_Default_Opaque_DS.uasset" 1756
"../../../Engine/Plugins/Interchange/Assets/Content/gltf/MaterialInstances/MI_Default_Opaque_DS.uexp" 1757
"../../../Engine/Plugins/Interchange/Assets/Content/gltf/MaterialInstances/MI_Default_Opaque.uasset" 1758
"../../../Engine/Plugins/Interchange/Assets/Content/gltf/MaterialInstances/MI_Default_Opaque.uexp" 1759
"../../../Engine/Plugins/Interchange/Assets/Content/gltf/MaterialInstances/MI_Default_Mask_DS.uasset" 1760
"../../../Engine/Plugins/Interchange/Assets/Content/gltf/MaterialInstances/MI_Default_Mask_DS.uexp" 1761
"../../../Engine/Plugins/Interchange/Assets/Content/gltf/MaterialInstances/MI_Default_Mask.uasset" 1762
"../../../Engine/Plugins/Interchange/Assets/Content/gltf/MaterialInstances/MI_Default_Mask.uexp" 1763
"../../../Engine/Plugins/Interchange/Assets/Content/gltf/MaterialInstances/MI_Default_Blend_DS.uasset" 1764
"../../../Engine/Plugins/Interchange/Assets/Content/gltf/MaterialInstances/MI_Default_Blend_DS.uexp" 1765
"../../../Engine/Plugins/Interchange/Assets/Content/gltf/MaterialInstances/MI_Default_Blend.uasset" 1766
"../../../Engine/Plugins/Interchange/Assets/Content/gltf/MaterialInstances/MI_Default_Blend.uexp" 1767
"../../../Engine/Content/Functions/Engine_MaterialFunctions01/Texturing/FlattenNormal.uasset" 1768
"../../../Engine/Content/Functions/Engine_MaterialFunctions01/Texturing/FlattenNormal.uexp" 1769
"../../../Engine/Plugins/Interchange/Assets/Content/gltf/MaterialFunctions/MF_Clearcoat.uasset" 1770
"../../../Engine/Plugins/Interchange/Assets/Content/gltf/MaterialFunctions/MF_Clearcoat.uexp" 1771
"../../../Engine/Plugins/Interchange/Assets/Content/gltf/MaterialBodies/MF_ClearCoat_Body.uasset" 1772
"../../../Engine/Plugins/Interchange/Assets/Content/gltf/MaterialBodies/MF_ClearCoat_Body.uexp" 1773
"../../../Engine/Plugins/Interchange/Assets/Content/gltf/M_ClearCoat.uasset" 1774
"../../../Engine/Plugins/Interchange/Assets/Content/gltf/M_ClearCoat.uexp" 1775
"../../../Engine/Plugins/Interchange/Assets/Content/gltf/MaterialInstances/MI_ClearCoat_Opaque_DS.uasset" 1776
"../../../Engine/Plugins/Interchange/Assets/Content/gltf/MaterialInstances/MI_ClearCoat_Opaque_DS.uexp" 1777
"../../../Engine/Plugins/Interchange/Assets/Content/gltf/MaterialInstances/MI_ClearCoat_Opaque.uasset" 1778
"../../../Engine/Plugins/Interchange/Assets/Content/gltf/MaterialInstances/MI_ClearCoat_Opaque.uexp" 1779
"../../../Engine/Plugins/Interchange/Assets/Content/gltf/MaterialInstances/MI_ClearCoat_Mask_DS.uasset" 1780
"../../../Engine/Plugins/Interchange/Assets/Content/gltf/MaterialInstances/MI_ClearCoat_Mask_DS.uexp" 1781
"../../../Engine/Plugins/Interchange/Assets/Content/gltf/MaterialInstances/MI_ClearCoat_Mask.uasset" 1782
"../../../Engine/Plugins/Interchange/Assets/Content/gltf/MaterialInstances/MI_ClearCoat_Mask.uexp" 1783
"../../../Engine/Plugins/Interchange/Assets/Content/gltf/MaterialInstances/MI_ClearCoat_Blend_DS.uasset" 1784
"../../../Engine/Plugins/Interchange/Assets/Content/gltf/MaterialInstances/MI_ClearCoat_Blend_DS.uexp" 1785
"../../../Engine/Plugins/Interchange/Assets/Content/gltf/MaterialInstances/MI_ClearCoat_Blend.uasset" 1786
"../../../Engine/Plugins/Interchange/Assets/Content/gltf/MaterialInstances/MI_ClearCoat_Blend.uexp" 1787
"../../../Engine/Content/EngineMaterials/Substrate/Volume/SubstrateSimpleVolumeLUT3D.uasset" 1788
"../../../Engine/Content/EngineMaterials/Substrate/Volume/SubstrateSimpleVolumeLUT3D.uexp" 1789
"../../../Engine/Content/EngineMaterials/Substrate/Volume/SubstrateSimpleVolumeEnvLUT3D.uasset" 1790
"../../../Engine/Content/EngineMaterials/Substrate/Volume/SubstrateSimpleVolumeEnvLUT3D.uexp" 1791
"../../../Engine/Plugins/NNE/NNEDenoiser/Content/NNED_Oidn2-3_HighQuality_Alpha.uasset" 1792
"../../../Engine/Plugins/NNE/NNEDenoiser/Content/NNED_Oidn2-3_HighQuality_Alpha.uexp" 1793
"../../../Engine/Plugins/NNE/NNEDenoiser/Content/NNED_Oidn2-3_HighQuality.uasset" 1794
"../../../Engine/Plugins/NNE/NNEDenoiser/Content/NNED_Oidn2-3_HighQuality.uexp" 1795
"../../../Engine/Plugins/NNE/NNEDenoiser/Content/NNED_Oidn2-3_Fast_Alpha.uasset" 1796
"../../../Engine/Plugins/NNE/NNEDenoiser/Content/NNED_Oidn2-3_Fast_Alpha.uexp" 1797
"../../../Engine/Plugins/NNE/NNEDenoiser/Content/NNED_Oidn2-3_Fast.uasset" 1798
"../../../Engine/Plugins/NNE/NNEDenoiser/Content/NNED_Oidn2-3_Fast.uexp" 1799
"../../../Engine/Plugins/NNE/NNEDenoiser/Content/NNED_Oidn2-3_Balanced_Alpha.uasset" 1800
"../../../Engine/Plugins/NNE/NNEDenoiser/Content/NNED_Oidn2-3_Balanced_Alpha.uexp" 1801
"../../../Engine/Plugins/NNE/NNEDenoiser/Content/NNED_Oidn2-3_Balanced.uasset" 1802
"../../../Engine/Plugins/NNE/NNEDenoiser/Content/NNED_Oidn2-3_Balanced.uexp" 1803
"../../../Engine/Plugins/NNE/NNEDenoiser/Content/NNEDT_Oidn2-3_Balanced_Alpha.uasset" 1804
"../../../Engine/Plugins/NNE/NNEDenoiser/Content/NNEDT_Oidn2-3_Balanced_Alpha.uexp" 1805
"../../../Engine/Plugins/NNE/NNEDenoiser/Content/NNEDT_Oidn2-3_Balanced.uasset" 1806
"../../../Engine/Plugins/NNE/NNEDenoiser/Content/NNEDT_Oidn2-3_Balanced.uexp" 1807
"../../../Engine/Plugins/Animation/DeformerGraph/Content/DeformerFunctions/DG_Function_LinearBlendSkin_Morph_Cloth_PositionOnly.uasset" 1808
"../../../Engine/Plugins/Animation/DeformerGraph/Content/DeformerFunctions/DG_Function_LinearBlendSkin_Morph_Cloth_PositionOnly.uexp" 1809
"../../../Engine/Plugins/Animation/DeformerGraph/Content/DeformerFunctions/DG_Function_ComputeNormalsTangents.uasset" 1810
"../../../Engine/Plugins/Animation/DeformerGraph/Content/DeformerFunctions/DG_Function_ComputeNormalsTangents.uexp" 1811
"../../../Engine/Plugins/Animation/DeformerGraph/Content/Deformers/DG_LinearBlendSkin_Morph_Cloth_RecomputeNormals.uasset" 1812
"../../../Engine/Plugins/Animation/DeformerGraph/Content/Deformers/DG_LinearBlendSkin_Morph_Cloth_RecomputeNormals.uexp" 1813
"../../../Engine/Plugins/Animation/DeformerGraph/Content/DeformerFunctions/DG_Function_LinearBlendSkin_Morph_Cloth.uasset" 1814
"../../../Engine/Plugins/Animation/DeformerGraph/Content/DeformerFunctions/DG_Function_LinearBlendSkin_Morph_Cloth.uexp" 1815
"../../../Engine/Plugins/Animation/DeformerGraph/Content/Deformers/DG_LinearBlendSkin_Morph_Cloth.uasset" 1816
"../../../Engine/Plugins/Animation/DeformerGraph/Content/Deformers/DG_LinearBlendSkin_Morph_Cloth.uexp" 1817
"C:/Users/keega/OneDrive/Desktop/GitHub/ChungusInteractive/SandsOfSet/Content/Cutscene/Lvl1/Image4_Sequence.uasset" 1818
"C:/Users/keega/OneDrive/Desktop/GitHub/ChungusInteractive/SandsOfSet/Content/Cutscene/Lvl1/Image4_Sequence.uexp" 1819
"C:/Users/keega/OneDrive/Desktop/GitHub/ChungusInteractive/SandsOfSet/Content/Cutscene/Lvl1/Image3_Sequence.uasset" 1820
"C:/Users/keega/OneDrive/Desktop/GitHub/ChungusInteractive/SandsOfSet/Content/Cutscene/Lvl1/Image3_Sequence.uexp" 1821
"C:/Users/keega/OneDrive/Desktop/GitHub/ChungusInteractive/SandsOfSet/Content/Cutscene/Lvl1/Image2_Sequence.uasset" 1822
"C:/Users/keega/OneDrive/Desktop/GitHub/ChungusInteractive/SandsOfSet/Content/Cutscene/Lvl1/Image2_Sequence.uexp" 1823
"C:/Users/keega/OneDrive/Desktop/GitHub/ChungusInteractive/SandsOfSet/Content/Cutscene/Lvl1/Image1_Sequence.uasset" 1824
"C:/Users/keega/OneDrive/Desktop/GitHub/ChungusInteractive/SandsOfSet/Content/Cutscene/Lvl1/Image1_Sequence.uexp" 1825
"C:/Users/keega/OneDrive/Desktop/GitHub/ChungusInteractive/SandsOfSet/Content/Cutscene/Lvl1/End_Cutscene_Lvl1.uasset" 1826
"C:/Users/keega/OneDrive/Desktop/GitHub/ChungusInteractive/SandsOfSet/Content/Cutscene/Lvl1/End_Cutscene_Lvl1.uexp" 1827
"C:/Users/keega/OneDrive/Desktop/GitHub/ChungusInteractive/SandsOfSet/Content/TestingMap1.uexp" 1828
"C:/Users/keega/OneDrive/Desktop/GitHub/ChungusInteractive/SandsOfSet/Content/TestingMap1.ubulk" 1829
"C:/Users/keega/OneDrive/Desktop/GitHub/ChungusInteractive/SandsOfSet/Content/TestingMap1.umap" 1830
"../../../Engine/Content/EngineSky/T_Sky_Stars.ubulk" 1831
"../../../Engine/Content/EngineSky/T_Sky_Stars.uasset" 1832
"../../../Engine/Content/EngineSky/T_Sky_Stars.uexp" 1833
"../../../Engine/Content/EngineSky/T_Sky_Clouds_M.ubulk" 1834
"../../../Engine/Content/EngineSky/T_Sky_Clouds_M.uasset" 1835
"../../../Engine/Content/EngineSky/T_Sky_Clouds_M.uexp" 1836
"../../../Engine/Content/EngineSky/T_Sky_Blue.ubulk" 1837
"../../../Engine/Content/EngineSky/T_Sky_Blue.uasset" 1838
"../../../Engine/Content/EngineSky/T_Sky_Blue.uexp" 1839
"../../../Engine/Content/EngineSky/M_Sky_Panning_Clouds2.uasset" 1840
"../../../Engine/Content/EngineSky/M_Sky_Panning_Clouds2.uexp" 1841
"../../../Engine/Content/EngineSky/SM_SkySphere.ubulk" 1842
"../../../Engine/Content/EngineSky/SM_SkySphere.uasset" 1843
"../../../Engine/Content/EngineSky/SM_SkySphere.uexp" 1844
"../../../Engine/Content/EngineSky/VolumetricClouds/VT_PerlinWorley_Balanced.uasset" 1845
"../../../Engine/Content/EngineSky/VolumetricClouds/VT_PerlinWorley_Balanced.uexp" 1846
"../../../Engine/Content/EngineSky/VolumetricClouds/T_Profile_08.ubulk" 1847
"../../../Engine/Content/EngineSky/VolumetricClouds/T_Profile_08.uasset" 1848
"../../../Engine/Content/EngineSky/VolumetricClouds/T_Profile_08.uexp" 1849
"../../../Engine/Content/EngineSky/VolumetricClouds/T_CloudPattern.ubulk" 1850
"../../../Engine/Content/EngineSky/VolumetricClouds/T_CloudPattern.uasset" 1851
"../../../Engine/Content/EngineSky/VolumetricClouds/T_CloudPattern.uexp" 1852
"../../../Engine/Content/EngineSky/VolumetricClouds/T_CloudMask.ubulk" 1853
"../../../Engine/Content/EngineSky/VolumetricClouds/T_CloudMask.uasset" 1854
"../../../Engine/Content/EngineSky/VolumetricClouds/T_CloudMask.uexp" 1855
"../../../Engine/Content/EngineResources/DefaultVolumeTexture2D.uasset" 1856
"../../../Engine/Content/EngineResources/DefaultVolumeTexture2D.uexp" 1857
"../../../Engine/Content/EngineResources/DefaultVolumeTexture.uasset" 1858
"../../../Engine/Content/EngineResources/DefaultVolumeTexture.uexp" 1859
"../../../Engine/Content/Functions/Engine_MaterialFunctions02/Utility/BreakOutFloat4Components.uasset" 1860
"../../../Engine/Content/Functions/Engine_MaterialFunctions02/Utility/BreakOutFloat4Components.uexp" 1861
"../../../Engine/Content/Functions/Engine_MaterialFunctions02/Utility/MakeFloat4.uasset" 1862
"../../../Engine/Content/Functions/Engine_MaterialFunctions02/Utility/MakeFloat4.uexp" 1863
"../../../Engine/Content/Functions/Engine_MaterialFunctions01/Units/Km-to-Cm.uasset" 1864
"../../../Engine/Content/Functions/Engine_MaterialFunctions01/Units/Km-to-Cm.uexp" 1865
"../../../Engine/Content/EngineSky/VolumetricClouds/VT_Lightning.uasset" 1866
"../../../Engine/Content/EngineSky/VolumetricClouds/VT_Lightning.uexp" 1867
"../../../Engine/Content/EngineSky/VolumetricClouds/m_SimpleVolumetricCloud.uasset" 1868
"../../../Engine/Content/EngineSky/VolumetricClouds/m_SimpleVolumetricCloud.uexp" 1869
"../../../Engine/Content/EngineSky/VolumetricClouds/m_SimpleVolumetricCloud_Inst.uasset" 1870
"../../../Engine/Content/EngineSky/VolumetricClouds/m_SimpleVolumetricCloud_Inst.uexp" 1871
"../../../Engine/Content/EngineSky/M_SimpleSkyDome.uasset" 1872
"../../../Engine/Content/EngineSky/M_SimpleSkyDome.uexp" 1873
"C:/Users/keega/OneDrive/Desktop/GitHub/ChungusInteractive/SandsOfSet/Content/Models/Miles/DoorFrame_1.ubulk" 1874
"C:/Users/keega/OneDrive/Desktop/GitHub/ChungusInteractive/SandsOfSet/Content/Models/Miles/DoorFrame_1.uasset" 1875
"C:/Users/keega/OneDrive/Desktop/GitHub/ChungusInteractive/SandsOfSet/Content/Models/Miles/DoorFrame_1.uexp" 1876
"C:/Users/keega/OneDrive/Desktop/GitHub/ChungusInteractive/SandsOfSet/Content/Models/Isaiah/Pillar7.ubulk" 1877
"C:/Users/keega/OneDrive/Desktop/GitHub/ChungusInteractive/SandsOfSet/Content/Models/Isaiah/Pillar7.uasset" 1878
"C:/Users/keega/OneDrive/Desktop/GitHub/ChungusInteractive/SandsOfSet/Content/Models/Isaiah/Pillar7.uexp" 1879
"C:/Users/keega/OneDrive/Desktop/GitHub/ChungusInteractive/SandsOfSet/Content/Actors/BP_Shrine_Water.uasset" 1880
"C:/Users/keega/OneDrive/Desktop/GitHub/ChungusInteractive/SandsOfSet/Content/Actors/BP_Shrine_Water.uexp" 1881
"C:/Users/keega/OneDrive/Desktop/GitHub/ChungusInteractive/SandsOfSet/Content/Materials/Temp_Water.uasset" 1882
"C:/Users/keega/OneDrive/Desktop/GitHub/ChungusInteractive/SandsOfSet/Content/Materials/Temp_Water.uexp" 1883
"C:/Users/keega/OneDrive/Desktop/GitHub/ChungusInteractive/SandsOfSet/Content/Actors/BP_RisingWater.uasset" 1884
"C:/Users/keega/OneDrive/Desktop/GitHub/ChungusInteractive/SandsOfSet/Content/Actors/BP_RisingWater.uexp" 1885
"C:/Users/keega/OneDrive/Desktop/GitHub/ChungusInteractive/SandsOfSet/Content/LevelPrototyping/Interactable/Target/Assets/SM_TargetBaseMesh.ubulk" 1886
"C:/Users/keega/OneDrive/Desktop/GitHub/ChungusInteractive/SandsOfSet/Content/LevelPrototyping/Interactable/Target/Assets/SM_TargetBaseMesh.uasset" 1887
"C:/Users/keega/OneDrive/Desktop/GitHub/ChungusInteractive/SandsOfSet/Content/LevelPrototyping/Interactable/Target/Assets/SM_TargetBaseMesh.uexp" 1888
"C:/Users/keega/OneDrive/Desktop/GitHub/ChungusInteractive/SandsOfSet/Content/Actors/Collectables/Item_WaterTotem.uasset" 1889
"C:/Users/keega/OneDrive/Desktop/GitHub/ChungusInteractive/SandsOfSet/Content/Actors/Collectables/Item_WaterTotem.uexp" 1890
"C:/Users/keega/OneDrive/Desktop/GitHub/ChungusInteractive/SandsOfSet/Content/Models/Miles/Alter_3.ubulk" 1891
"C:/Users/keega/OneDrive/Desktop/GitHub/ChungusInteractive/SandsOfSet/Content/Models/Miles/Alter_3.uasset" 1892
"C:/Users/keega/OneDrive/Desktop/GitHub/ChungusInteractive/SandsOfSet/Content/Models/Miles/Alter_3.uexp" 1893
"C:/Users/keega/OneDrive/Desktop/GitHub/ChungusInteractive/SandsOfSet/Content/Models/Isaiah/dOOR.ubulk" 1894
"C:/Users/keega/OneDrive/Desktop/GitHub/ChungusInteractive/SandsOfSet/Content/Models/Isaiah/dOOR.uasset" 1895
"C:/Users/keega/OneDrive/Desktop/GitHub/ChungusInteractive/SandsOfSet/Content/Models/Isaiah/dOOR.uexp" 1896
"C:/Users/keega/OneDrive/Desktop/GitHub/ChungusInteractive/SandsOfSet/Content/_GENERATED/Owner/Boolean_4EDB83D0.ubulk" 1897
"C:/Users/keega/OneDrive/Desktop/GitHub/ChungusInteractive/SandsOfSet/Content/_GENERATED/Owner/Boolean_4EDB83D0.uasset" 1898
"C:/Users/keega/OneDrive/Desktop/GitHub/ChungusInteractive/SandsOfSet/Content/_GENERATED/Owner/Boolean_4EDB83D0.uexp" 1899
"C:/Users/keega/OneDrive/Desktop/GitHub/ChungusInteractive/SandsOfSet/Content/Cutscene/Lvl3/Image4_Sequence.uasset" 1900
"C:/Users/keega/OneDrive/Desktop/GitHub/ChungusInteractive/SandsOfSet/Content/Cutscene/Lvl3/Image4_Sequence.uexp" 1901
"C:/Users/keega/OneDrive/Desktop/GitHub/ChungusInteractive/SandsOfSet/Content/Cutscene/Lvl3/Image3_Sequence.uasset" 1902
"C:/Users/keega/OneDrive/Desktop/GitHub/ChungusInteractive/SandsOfSet/Content/Cutscene/Lvl3/Image3_Sequence.uexp" 1903
"C:/Users/keega/OneDrive/Desktop/GitHub/ChungusInteractive/SandsOfSet/Content/Cutscene/Lvl3/Image2_Sequence.uasset" 1904
"C:/Users/keega/OneDrive/Desktop/GitHub/ChungusInteractive/SandsOfSet/Content/Cutscene/Lvl3/Image2_Sequence.uexp" 1905
"C:/Users/keega/OneDrive/Desktop/GitHub/ChungusInteractive/SandsOfSet/Content/Cutscene/Lvl3/Image1_Sequence.uasset" 1906
"C:/Users/keega/OneDrive/Desktop/GitHub/ChungusInteractive/SandsOfSet/Content/Cutscene/Lvl3/Image1_Sequence.uexp" 1907
"C:/Users/keega/OneDrive/Desktop/GitHub/ChungusInteractive/SandsOfSet/Content/Cutscene/Lvl3/End_Cutscene_Lvl3.uasset" 1908
"C:/Users/keega/OneDrive/Desktop/GitHub/ChungusInteractive/SandsOfSet/Content/Cutscene/Lvl3/End_Cutscene_Lvl3.uexp" 1909
"C:/Users/keega/OneDrive/Desktop/GitHub/ChungusInteractive/SandsOfSet/Content/Cutscene/Lvl3/End_Cutscene_Text/W_Text1_3.uasset" 1910
"C:/Users/keega/OneDrive/Desktop/GitHub/ChungusInteractive/SandsOfSet/Content/Cutscene/Lvl3/End_Cutscene_Text/W_Text1_3.uexp" 1911
"C:/Users/keega/OneDrive/Desktop/GitHub/ChungusInteractive/SandsOfSet/Content/Cutscene/Lvl3/End_Cutscene_Text/W_Text2_3.uasset" 1912
"C:/Users/keega/OneDrive/Desktop/GitHub/ChungusInteractive/SandsOfSet/Content/Cutscene/Lvl3/End_Cutscene_Text/W_Text2_3.uexp" 1913
"C:/Users/keega/OneDrive/Desktop/GitHub/ChungusInteractive/SandsOfSet/Content/Cutscene/Lvl3/End_Cutscene_Text/W_Text3_3.uasset" 1914
"C:/Users/keega/OneDrive/Desktop/GitHub/ChungusInteractive/SandsOfSet/Content/Cutscene/Lvl3/End_Cutscene_Text/W_Text3_3.uexp" 1915
"C:/Users/keega/OneDrive/Desktop/GitHub/ChungusInteractive/SandsOfSet/Content/Cutscene/Lvl3/End_Cutscene_Text/W_Text4_3.uasset" 1916
"C:/Users/keega/OneDrive/Desktop/GitHub/ChungusInteractive/SandsOfSet/Content/Cutscene/Lvl3/End_Cutscene_Text/W_Text4_3.uexp" 1917
"C:/Users/keega/OneDrive/Desktop/GitHub/ChungusInteractive/SandsOfSet/Content/_GENERATED/Owner/Box_C708E3C1.ubulk" 1918
"C:/Users/keega/OneDrive/Desktop/GitHub/ChungusInteractive/SandsOfSet/Content/_GENERATED/Owner/Box_C708E3C1.uasset" 1919
"C:/Users/keega/OneDrive/Desktop/GitHub/ChungusInteractive/SandsOfSet/Content/_GENERATED/Owner/Box_C708E3C1.uexp" 1920
"C:/Users/keega/OneDrive/Desktop/GitHub/ChungusInteractive/SandsOfSet/Content/Models/Miles/Wall_3.ubulk" 1921
"C:/Users/keega/OneDrive/Desktop/GitHub/ChungusInteractive/SandsOfSet/Content/Models/Miles/Wall_3.uasset" 1922
"C:/Users/keega/OneDrive/Desktop/GitHub/ChungusInteractive/SandsOfSet/Content/Models/Miles/Wall_3.uexp" 1923
"C:/Users/keega/OneDrive/Desktop/GitHub/ChungusInteractive/SandsOfSet/Content/Models/Isaiah/Cube_004.ubulk" 1924
"C:/Users/keega/OneDrive/Desktop/GitHub/ChungusInteractive/SandsOfSet/Content/Models/Isaiah/Cube_004.uasset" 1925
"C:/Users/keega/OneDrive/Desktop/GitHub/ChungusInteractive/SandsOfSet/Content/Models/Isaiah/Cube_004.uexp" 1926
"C:/Users/keega/OneDrive/Desktop/GitHub/ChungusInteractive/SandsOfSet/Content/Models/Miles/Pillar_2.ubulk" 1927
"C:/Users/keega/OneDrive/Desktop/GitHub/ChungusInteractive/SandsOfSet/Content/Models/Miles/Pillar_2.uasset" 1928
"C:/Users/keega/OneDrive/Desktop/GitHub/ChungusInteractive/SandsOfSet/Content/Models/Miles/Pillar_2.uexp" 1929
"C:/Users/keega/OneDrive/Desktop/GitHub/ChungusInteractive/SandsOfSet/Content/Models/Isaiah/Cube_007.ubulk" 1930
"C:/Users/keega/OneDrive/Desktop/GitHub/ChungusInteractive/SandsOfSet/Content/Models/Isaiah/Cube_007.uasset" 1931
"C:/Users/keega/OneDrive/Desktop/GitHub/ChungusInteractive/SandsOfSet/Content/Models/Isaiah/Cube_007.uexp" 1932
"C:/Users/keega/OneDrive/Desktop/GitHub/ChungusInteractive/SandsOfSet/Content/_GENERATED/Owner/Boolean_8FAEF8D2.ubulk" 1933
"C:/Users/keega/OneDrive/Desktop/GitHub/ChungusInteractive/SandsOfSet/Content/_GENERATED/Owner/Boolean_8FAEF8D2.uasset" 1934
"C:/Users/keega/OneDrive/Desktop/GitHub/ChungusInteractive/SandsOfSet/Content/_GENERATED/Owner/Boolean_8FAEF8D2.uexp" 1935
"C:/Users/keega/OneDrive/Desktop/GitHub/ChungusInteractive/SandsOfSet/Content/_GENERATED/Owner/Box_338DD953.ubulk" 1936
"C:/Users/keega/OneDrive/Desktop/GitHub/ChungusInteractive/SandsOfSet/Content/_GENERATED/Owner/Box_338DD953.uasset" 1937
"C:/Users/keega/OneDrive/Desktop/GitHub/ChungusInteractive/SandsOfSet/Content/_GENERATED/Owner/Box_338DD953.uexp" 1938
"C:/Users/keega/OneDrive/Desktop/GitHub/ChungusInteractive/SandsOfSet/Content/Cutscene/Lvl3/End_Cutscene_Images__Storyboard_/image_2.uasset" 1939
"C:/Users/keega/OneDrive/Desktop/GitHub/ChungusInteractive/SandsOfSet/Content/Cutscene/Lvl3/End_Cutscene_Images__Storyboard_/image_2.uexp" 1940
"C:/Users/keega/OneDrive/Desktop/GitHub/ChungusInteractive/SandsOfSet/Content/Cutscene/Lvl3/End_Cutscene_Images__Storyboard_/image_2_Mat.uasset" 1941
"C:/Users/keega/OneDrive/Desktop/GitHub/ChungusInteractive/SandsOfSet/Content/Cutscene/Lvl3/End_Cutscene_Images__Storyboard_/image_2_Mat.uexp" 1942
"C:/Users/keega/OneDrive/Desktop/GitHub/ChungusInteractive/SandsOfSet/Content/Cutscene/Lvl3/End_Cutscene_Images__Storyboard_/image_3.uasset" 1943
"C:/Users/keega/OneDrive/Desktop/GitHub/ChungusInteractive/SandsOfSet/Content/Cutscene/Lvl3/End_Cutscene_Images__Storyboard_/image_3.uexp" 1944
"C:/Users/keega/OneDrive/Desktop/GitHub/ChungusInteractive/SandsOfSet/Content/Cutscene/Lvl3/End_Cutscene_Images__Storyboard_/image_3_Mat.uasset" 1945
"C:/Users/keega/OneDrive/Desktop/GitHub/ChungusInteractive/SandsOfSet/Content/Cutscene/Lvl3/End_Cutscene_Images__Storyboard_/image_3_Mat.uexp" 1946
"C:/Users/keega/OneDrive/Desktop/GitHub/ChungusInteractive/SandsOfSet/Content/Cutscene/Lvl3/End_Cutscene_Images__Storyboard_/image.uasset" 1947
"C:/Users/keega/OneDrive/Desktop/GitHub/ChungusInteractive/SandsOfSet/Content/Cutscene/Lvl3/End_Cutscene_Images__Storyboard_/image.uexp" 1948
"C:/Users/keega/OneDrive/Desktop/GitHub/ChungusInteractive/SandsOfSet/Content/Cutscene/Lvl3/End_Cutscene_Images__Storyboard_/image_Mat.uasset" 1949
"C:/Users/keega/OneDrive/Desktop/GitHub/ChungusInteractive/SandsOfSet/Content/Cutscene/Lvl3/End_Cutscene_Images__Storyboard_/image_Mat.uexp" 1950
"C:/Users/keega/OneDrive/Desktop/GitHub/ChungusInteractive/SandsOfSet/Content/Cutscene/Lvl3/End_Cutscene_Text/W_Text10_3.uasset" 1951
"C:/Users/keega/OneDrive/Desktop/GitHub/ChungusInteractive/SandsOfSet/Content/Cutscene/Lvl3/End_Cutscene_Text/W_Text10_3.uexp" 1952
"C:/Users/keega/OneDrive/Desktop/GitHub/ChungusInteractive/SandsOfSet/Content/Cutscene/Lvl3/End_Cutscene_Text/W_Text11_3.uasset" 1953
"C:/Users/keega/OneDrive/Desktop/GitHub/ChungusInteractive/SandsOfSet/Content/Cutscene/Lvl3/End_Cutscene_Text/W_Text11_3.uexp" 1954
"C:/Users/keega/OneDrive/Desktop/GitHub/ChungusInteractive/SandsOfSet/Content/Cutscene/Lvl3/End_Cutscene_Text/W_Text5_3.uasset" 1955
"C:/Users/keega/OneDrive/Desktop/GitHub/ChungusInteractive/SandsOfSet/Content/Cutscene/Lvl3/End_Cutscene_Text/W_Text5_3.uexp" 1956
"C:/Users/keega/OneDrive/Desktop/GitHub/ChungusInteractive/SandsOfSet/Content/Cutscene/Lvl3/End_Cutscene_Text/W_Text6_3.uasset" 1957
"C:/Users/keega/OneDrive/Desktop/GitHub/ChungusInteractive/SandsOfSet/Content/Cutscene/Lvl3/End_Cutscene_Text/W_Text6_3.uexp" 1958
"C:/Users/keega/OneDrive/Desktop/GitHub/ChungusInteractive/SandsOfSet/Content/Cutscene/Lvl3/End_Cutscene_Text/W_Text7_3.uasset" 1959
"C:/Users/keega/OneDrive/Desktop/GitHub/ChungusInteractive/SandsOfSet/Content/Cutscene/Lvl3/End_Cutscene_Text/W_Text7_3.uexp" 1960
"C:/Users/keega/OneDrive/Desktop/GitHub/ChungusInteractive/SandsOfSet/Content/Cutscene/Lvl3/End_Cutscene_Text/W_Text8_3.uasset" 1961
"C:/Users/keega/OneDrive/Desktop/GitHub/ChungusInteractive/SandsOfSet/Content/Cutscene/Lvl3/End_Cutscene_Text/W_Text8_3.uexp" 1962
"C:/Users/keega/OneDrive/Desktop/GitHub/ChungusInteractive/SandsOfSet/Content/Cutscene/Lvl3/End_Cutscene_Text/W_Text9_3.uasset" 1963
"C:/Users/keega/OneDrive/Desktop/GitHub/ChungusInteractive/SandsOfSet/Content/Cutscene/Lvl3/End_Cutscene_Text/W_Text9_3.uexp" 1964
"C:/Users/keega/OneDrive/Desktop/GitHub/ChungusInteractive/SandsOfSet/Content/_GENERATED/Owner/Box_03C3A2AF.ubulk" 1965
"C:/Users/keega/OneDrive/Desktop/GitHub/ChungusInteractive/SandsOfSet/Content/_GENERATED/Owner/Box_03C3A2AF.uasset" 1966
"C:/Users/keega/OneDrive/Desktop/GitHub/ChungusInteractive/SandsOfSet/Content/_GENERATED/Owner/Box_03C3A2AF.uexp" 1967
"C:/Users/keega/OneDrive/Desktop/GitHub/ChungusInteractive/SandsOfSet/Content/Models/Isaiah/Cube_005.ubulk" 1968
"C:/Users/keega/OneDrive/Desktop/GitHub/ChungusInteractive/SandsOfSet/Content/Models/Isaiah/Cube_005.uasset" 1969
"C:/Users/keega/OneDrive/Desktop/GitHub/ChungusInteractive/SandsOfSet/Content/Models/Isaiah/Cube_005.uexp" 1970
"C:/Users/keega/OneDrive/Desktop/GitHub/ChungusInteractive/SandsOfSet/Content/_GENERATED/Owner/Stairs_36A6CF48.ubulk" 1971
"C:/Users/keega/OneDrive/Desktop/GitHub/ChungusInteractive/SandsOfSet/Content/_GENERATED/Owner/Stairs_36A6CF48.uasset" 1972
"C:/Users/keega/OneDrive/Desktop/GitHub/ChungusInteractive/SandsOfSet/Content/_GENERATED/Owner/Stairs_36A6CF48.uexp" 1973
"C:/Users/keega/OneDrive/Desktop/GitHub/ChungusInteractive/SandsOfSet/Content/_GENERATED/Owner/Box_05796A3D.ubulk" 1974
"C:/Users/keega/OneDrive/Desktop/GitHub/ChungusInteractive/SandsOfSet/Content/_GENERATED/Owner/Box_05796A3D.uasset" 1975
"C:/Users/keega/OneDrive/Desktop/GitHub/ChungusInteractive/SandsOfSet/Content/_GENERATED/Owner/Box_05796A3D.uexp" 1976
"C:/Users/keega/OneDrive/Desktop/GitHub/ChungusInteractive/SandsOfSet/Content/_GENERATED/Owner/Stairs_9AEBD14C.ubulk" 1977
"C:/Users/keega/OneDrive/Desktop/GitHub/ChungusInteractive/SandsOfSet/Content/_GENERATED/Owner/Stairs_9AEBD14C.uasset" 1978
"C:/Users/keega/OneDrive/Desktop/GitHub/ChungusInteractive/SandsOfSet/Content/_GENERATED/Owner/Stairs_9AEBD14C.uexp" 1979
"../../../Engine/Content/EngineMaterials/DefaultPhysicalMaterial.uasset" 1980
"../../../Engine/Content/EngineMaterials/DefaultPhysicalMaterial.uexp" 1981
"C:/Users/keega/OneDrive/Desktop/GitHub/ChungusInteractive/SandsOfSet/Content/LevelOnePuzzles/ReappearingPlatforms/BP_DisappearingPlatform.uasset" 1982
"C:/Users/keega/OneDrive/Desktop/GitHub/ChungusInteractive/SandsOfSet/Content/LevelOnePuzzles/ReappearingPlatforms/BP_DisappearingPlatform.uexp" 1983
"C:/Users/keega/OneDrive/Desktop/GitHub/ChungusInteractive/SandsOfSet/Content/_GENERATED/Owner/Box_EB2F10C4.ubulk" 1984
"C:/Users/keega/OneDrive/Desktop/GitHub/ChungusInteractive/SandsOfSet/Content/_GENERATED/Owner/Box_EB2F10C4.uasset" 1985
"C:/Users/keega/OneDrive/Desktop/GitHub/ChungusInteractive/SandsOfSet/Content/_GENERATED/Owner/Box_EB2F10C4.uexp" 1986
"C:/Users/keega/OneDrive/Desktop/GitHub/ChungusInteractive/SandsOfSet/Content/_GENERATED/Owner/Stairs_9549937B.ubulk" 1987
"C:/Users/keega/OneDrive/Desktop/GitHub/ChungusInteractive/SandsOfSet/Content/_GENERATED/Owner/Stairs_9549937B.uasset" 1988
"C:/Users/keega/OneDrive/Desktop/GitHub/ChungusInteractive/SandsOfSet/Content/_GENERATED/Owner/Stairs_9549937B.uexp" 1989
"C:/Users/keega/OneDrive/Desktop/GitHub/ChungusInteractive/SandsOfSet/Content/Lvl_ThirdTemple.uexp" 1990
"C:/Users/keega/OneDrive/Desktop/GitHub/ChungusInteractive/SandsOfSet/Content/Lvl_ThirdTemple.ubulk" 1991
"C:/Users/keega/OneDrive/Desktop/GitHub/ChungusInteractive/SandsOfSet/Content/Lvl_ThirdTemple.umap" 1992
"C:/Users/keega/OneDrive/Desktop/GitHub/ChungusInteractive/SandsOfSet/Content/Cutscene/Lvl4/Image4_Sequence.uasset" 1993
"C:/Users/keega/OneDrive/Desktop/GitHub/ChungusInteractive/SandsOfSet/Content/Cutscene/Lvl4/Image4_Sequence.uexp" 1994
"C:/Users/keega/OneDrive/Desktop/GitHub/ChungusInteractive/SandsOfSet/Content/Cutscene/Lvl4/Image3_Sequence.uasset" 1995
"C:/Users/keega/OneDrive/Desktop/GitHub/ChungusInteractive/SandsOfSet/Content/Cutscene/Lvl4/Image3_Sequence.uexp" 1996
"C:/Users/keega/OneDrive/Desktop/GitHub/ChungusInteractive/SandsOfSet/Content/Cutscene/Lvl4/Image2_Sequence.uasset" 1997
"C:/Users/keega/OneDrive/Desktop/GitHub/ChungusInteractive/SandsOfSet/Content/Cutscene/Lvl4/Image2_Sequence.uexp" 1998
"C:/Users/keega/OneDrive/Desktop/GitHub/ChungusInteractive/SandsOfSet/Content/Cutscene/Lvl4/Image1_Sequence.uasset" 1999
"C:/Users/keega/OneDrive/Desktop/GitHub/ChungusInteractive/SandsOfSet/Content/Cutscene/Lvl4/Image1_Sequence.uexp" 2000
"C:/Users/keega/OneDrive/Desktop/GitHub/ChungusInteractive/SandsOfSet/Content/Cutscene/Lvl4/End_Cutscene_Lvl4.uasset" 2001
"C:/Users/keega/OneDrive/Desktop/GitHub/ChungusInteractive/SandsOfSet/Content/Cutscene/Lvl4/End_Cutscene_Lvl4.uexp" 2002
"C:/Users/keega/OneDrive/Desktop/GitHub/ChungusInteractive/SandsOfSet/Content/Cutscene/Lvl4/End_Cutscene_Text/W_Text1_4.uasset" 2003
"C:/Users/keega/OneDrive/Desktop/GitHub/ChungusInteractive/SandsOfSet/Content/Cutscene/Lvl4/End_Cutscene_Text/W_Text1_4.uexp" 2004
"C:/Users/keega/OneDrive/Desktop/GitHub/ChungusInteractive/SandsOfSet/Content/Cutscene/Lvl4/End_Cutscene_Text/W_Text2_4.uasset" 2005
"C:/Users/keega/OneDrive/Desktop/GitHub/ChungusInteractive/SandsOfSet/Content/Cutscene/Lvl4/End_Cutscene_Text/W_Text2_4.uexp" 2006
"C:/Users/keega/OneDrive/Desktop/GitHub/ChungusInteractive/SandsOfSet/Content/Cutscene/Lvl4/End_Cutscene_Text/W_Text3_4.uasset" 2007
"C:/Users/keega/OneDrive/Desktop/GitHub/ChungusInteractive/SandsOfSet/Content/Cutscene/Lvl4/End_Cutscene_Text/W_Text3_4.uexp" 2008
"C:/Users/keega/OneDrive/Desktop/GitHub/ChungusInteractive/SandsOfSet/Content/Cutscene/Lvl4/End_Cutscene_Text/W_Text4_4.uasset" 2009
"C:/Users/keega/OneDrive/Desktop/GitHub/ChungusInteractive/SandsOfSet/Content/Cutscene/Lvl4/End_Cutscene_Text/W_Text4_4.uexp" 2010
"C:/Users/keega/OneDrive/Desktop/GitHub/ChungusInteractive/SandsOfSet/Content/Cutscene/Lvl4/End_Cutscene_Images__Storyboard_/image_2.uasset" 2011
"C:/Users/keega/OneDrive/Desktop/GitHub/ChungusInteractive/SandsOfSet/Content/Cutscene/Lvl4/End_Cutscene_Images__Storyboard_/image_2.uexp" 2012
"C:/Users/keega/OneDrive/Desktop/GitHub/ChungusInteractive/SandsOfSet/Content/Cutscene/Lvl4/End_Cutscene_Images__Storyboard_/image_2_Mat.uasset" 2013
"C:/Users/keega/OneDrive/Desktop/GitHub/ChungusInteractive/SandsOfSet/Content/Cutscene/Lvl4/End_Cutscene_Images__Storyboard_/image_2_Mat.uexp" 2014
"C:/Users/keega/OneDrive/Desktop/GitHub/ChungusInteractive/SandsOfSet/Content/Cutscene/Lvl4/End_Cutscene_Images__Storyboard_/image_3.uasset" 2015
"C:/Users/keega/OneDrive/Desktop/GitHub/ChungusInteractive/SandsOfSet/Content/Cutscene/Lvl4/End_Cutscene_Images__Storyboard_/image_3.uexp" 2016
"C:/Users/keega/OneDrive/Desktop/GitHub/ChungusInteractive/SandsOfSet/Content/Cutscene/Lvl4/End_Cutscene_Images__Storyboard_/image_3_Mat.uasset" 2017
"C:/Users/keega/OneDrive/Desktop/GitHub/ChungusInteractive/SandsOfSet/Content/Cutscene/Lvl4/End_Cutscene_Images__Storyboard_/image_3_Mat.uexp" 2018
"C:/Users/keega/OneDrive/Desktop/GitHub/ChungusInteractive/SandsOfSet/Content/Cutscene/Lvl4/End_Cutscene_Images__Storyboard_/image_4.uasset" 2019
"C:/Users/keega/OneDrive/Desktop/GitHub/ChungusInteractive/SandsOfSet/Content/Cutscene/Lvl4/End_Cutscene_Images__Storyboard_/image_4.uexp" 2020
"C:/Users/keega/OneDrive/Desktop/GitHub/ChungusInteractive/SandsOfSet/Content/Cutscene/Lvl4/End_Cutscene_Images__Storyboard_/image_4_Mat.uasset" 2021
"C:/Users/keega/OneDrive/Desktop/GitHub/ChungusInteractive/SandsOfSet/Content/Cutscene/Lvl4/End_Cutscene_Images__Storyboard_/image_4_Mat.uexp" 2022
"C:/Users/keega/OneDrive/Desktop/GitHub/ChungusInteractive/SandsOfSet/Content/Cutscene/Lvl4/End_Cutscene_Images__Storyboard_/image.uasset" 2023
"C:/Users/keega/OneDrive/Desktop/GitHub/ChungusInteractive/SandsOfSet/Content/Cutscene/Lvl4/End_Cutscene_Images__Storyboard_/image.uexp" 2024
"C:/Users/keega/OneDrive/Desktop/GitHub/ChungusInteractive/SandsOfSet/Content/Cutscene/Lvl4/End_Cutscene_Images__Storyboard_/image_Mat.uasset" 2025
"C:/Users/keega/OneDrive/Desktop/GitHub/ChungusInteractive/SandsOfSet/Content/Cutscene/Lvl4/End_Cutscene_Images__Storyboard_/image_Mat.uexp" 2026
"C:/Users/keega/OneDrive/Desktop/GitHub/ChungusInteractive/SandsOfSet/Content/Cutscene/Lvl4/End_Cutscene_Text/W_Text10_4.uasset" 2027
"C:/Users/keega/OneDrive/Desktop/GitHub/ChungusInteractive/SandsOfSet/Content/Cutscene/Lvl4/End_Cutscene_Text/W_Text10_4.uexp" 2028
"C:/Users/keega/OneDrive/Desktop/GitHub/ChungusInteractive/SandsOfSet/Content/Cutscene/Lvl4/End_Cutscene_Text/W_Text11_4.uasset" 2029
"C:/Users/keega/OneDrive/Desktop/GitHub/ChungusInteractive/SandsOfSet/Content/Cutscene/Lvl4/End_Cutscene_Text/W_Text11_4.uexp" 2030
"C:/Users/keega/OneDrive/Desktop/GitHub/ChungusInteractive/SandsOfSet/Content/Cutscene/Lvl4/End_Cutscene_Text/W_Text12_4.uasset" 2031
"C:/Users/keega/OneDrive/Desktop/GitHub/ChungusInteractive/SandsOfSet/Content/Cutscene/Lvl4/End_Cutscene_Text/W_Text12_4.uexp" 2032
"C:/Users/keega/OneDrive/Desktop/GitHub/ChungusInteractive/SandsOfSet/Content/Cutscene/Lvl4/End_Cutscene_Text/W_Text5_4.uasset" 2033
"C:/Users/keega/OneDrive/Desktop/GitHub/ChungusInteractive/SandsOfSet/Content/Cutscene/Lvl4/End_Cutscene_Text/W_Text5_4.uexp" 2034
"C:/Users/keega/OneDrive/Desktop/GitHub/ChungusInteractive/SandsOfSet/Content/Cutscene/Lvl4/End_Cutscene_Text/W_Text6_4.uasset" 2035
"C:/Users/keega/OneDrive/Desktop/GitHub/ChungusInteractive/SandsOfSet/Content/Cutscene/Lvl4/End_Cutscene_Text/W_Text6_4.uexp" 2036
"C:/Users/keega/OneDrive/Desktop/GitHub/ChungusInteractive/SandsOfSet/Content/Cutscene/Lvl4/End_Cutscene_Text/W_Text7_4.uasset" 2037
"C:/Users/keega/OneDrive/Desktop/GitHub/ChungusInteractive/SandsOfSet/Content/Cutscene/Lvl4/End_Cutscene_Text/W_Text7_4.uexp" 2038
"C:/Users/keega/OneDrive/Desktop/GitHub/ChungusInteractive/SandsOfSet/Content/Cutscene/Lvl4/End_Cutscene_Text/W_Text8_4.uasset" 2039
"C:/Users/keega/OneDrive/Desktop/GitHub/ChungusInteractive/SandsOfSet/Content/Cutscene/Lvl4/End_Cutscene_Text/W_Text8_4.uexp" 2040
"C:/Users/keega/OneDrive/Desktop/GitHub/ChungusInteractive/SandsOfSet/Content/Cutscene/Lvl4/End_Cutscene_Text/W_Text9_4.uasset" 2041
"C:/Users/keega/OneDrive/Desktop/GitHub/ChungusInteractive/SandsOfSet/Content/Cutscene/Lvl4/End_Cutscene_Text/W_Text9_4.uexp" 2042
"C:/Users/keega/OneDrive/Desktop/GitHub/ChungusInteractive/SandsOfSet/Content/Lvl_FourthTemple.uexp" 2043
"C:/Users/keega/OneDrive/Desktop/GitHub/ChungusInteractive/SandsOfSet/Content/Lvl_FourthTemple.umap" 2044
"C:/Users/keega/OneDrive/Desktop/GitHub/ChungusInteractive/SandsOfSet/Content/Models/Miles/DoorFrame_2.ubulk" 2045
"C:/Users/keega/OneDrive/Desktop/GitHub/ChungusInteractive/SandsOfSet/Content/Models/Miles/DoorFrame_2.uasset" 2046
"C:/Users/keega/OneDrive/Desktop/GitHub/ChungusInteractive/SandsOfSet/Content/Models/Miles/DoorFrame_2.uexp" 2047
"C:/Users/keega/OneDrive/Desktop/GitHub/ChungusInteractive/SandsOfSet/Content/Models/Miles/Alter_1.ubulk" 2048
"C:/Users/keega/OneDrive/Desktop/GitHub/ChungusInteractive/SandsOfSet/Content/Models/Miles/Alter_1.uasset" 2049
"C:/Users/keega/OneDrive/Desktop/GitHub/ChungusInteractive/SandsOfSet/Content/Models/Miles/Alter_1.uexp" 2050
"C:/Users/keega/OneDrive/Desktop/GitHub/ChungusInteractive/SandsOfSet/Content/Models/Miles/Alter_4.ubulk" 2051
"C:/Users/keega/OneDrive/Desktop/GitHub/ChungusInteractive/SandsOfSet/Content/Models/Miles/Alter_4.uasset" 2052
"C:/Users/keega/OneDrive/Desktop/GitHub/ChungusInteractive/SandsOfSet/Content/Models/Miles/Alter_4.uexp" 2053
"C:/Users/keega/OneDrive/Desktop/GitHub/ChungusInteractive/SandsOfSet/Content/Models/Miles/Alter_5.ubulk" 2054
"C:/Users/keega/OneDrive/Desktop/GitHub/ChungusInteractive/SandsOfSet/Content/Models/Miles/Alter_5.uasset" 2055
"C:/Users/keega/OneDrive/Desktop/GitHub/ChungusInteractive/SandsOfSet/Content/Models/Miles/Alter_5.uexp" 2056
"C:/Users/keega/OneDrive/Desktop/GitHub/ChungusInteractive/SandsOfSet/Content/_GENERATED/Owner/Box_F8821F20.ubulk" 2057
"C:/Users/keega/OneDrive/Desktop/GitHub/ChungusInteractive/SandsOfSet/Content/_GENERATED/Owner/Box_F8821F20.uasset" 2058
"C:/Users/keega/OneDrive/Desktop/GitHub/ChungusInteractive/SandsOfSet/Content/_GENERATED/Owner/Box_F8821F20.uexp" 2059
"C:/Users/keega/OneDrive/Desktop/GitHub/ChungusInteractive/SandsOfSet/Content/Models/Miles/SandsofSetWall_1.ubulk" 2060
"C:/Users/keega/OneDrive/Desktop/GitHub/ChungusInteractive/SandsOfSet/Content/Models/Miles/SandsofSetWall_1.uasset" 2061
"C:/Users/keega/OneDrive/Desktop/GitHub/ChungusInteractive/SandsOfSet/Content/Models/Miles/SandsofSetWall_1.uexp" 2062
"C:/Users/keega/OneDrive/Desktop/GitHub/ChungusInteractive/SandsOfSet/Content/Models/Miles/SandsofSetWall_2.ubulk" 2063
"C:/Users/keega/OneDrive/Desktop/GitHub/ChungusInteractive/SandsOfSet/Content/Models/Miles/SandsofSetWall_2.uasset" 2064
"C:/Users/keega/OneDrive/Desktop/GitHub/ChungusInteractive/SandsOfSet/Content/Models/Miles/SandsofSetWall_2.uexp" 2065
"C:/Users/keega/OneDrive/Desktop/GitHub/ChungusInteractive/SandsOfSet/Content/Models/Miles/SandsofSetWall_3.ubulk" 2066
"C:/Users/keega/OneDrive/Desktop/GitHub/ChungusInteractive/SandsOfSet/Content/Models/Miles/SandsofSetWall_3.uasset" 2067
"C:/Users/keega/OneDrive/Desktop/GitHub/ChungusInteractive/SandsOfSet/Content/Models/Miles/SandsofSetWall_3.uexp" 2068
"C:/Users/keega/OneDrive/Desktop/GitHub/ChungusInteractive/SandsOfSet/Content/Cutscene/Lvl2/End_Cutscene_Text/W_Text1_2.uasset" 2069
"C:/Users/keega/OneDrive/Desktop/GitHub/ChungusInteractive/SandsOfSet/Content/Cutscene/Lvl2/End_Cutscene_Text/W_Text1_2.uexp" 2070
"C:/Users/keega/OneDrive/Desktop/GitHub/ChungusInteractive/SandsOfSet/Content/Cutscene/Lvl2/End_Cutscene_Text/W_Text2_2.uasset" 2071
"C:/Users/keega/OneDrive/Desktop/GitHub/ChungusInteractive/SandsOfSet/Content/Cutscene/Lvl2/End_Cutscene_Text/W_Text2_2.uexp" 2072
"C:/Users/keega/OneDrive/Desktop/GitHub/ChungusInteractive/SandsOfSet/Content/Cutscene/Lvl2/End_Cutscene_Text/W_Text3_2.uasset" 2073
"C:/Users/keega/OneDrive/Desktop/GitHub/ChungusInteractive/SandsOfSet/Content/Cutscene/Lvl2/End_Cutscene_Text/W_Text3_2.uexp" 2074
"C:/Users/keega/OneDrive/Desktop/GitHub/ChungusInteractive/SandsOfSet/Content/Cutscene/Lvl2/End_Cutscene_Text/W_Text4_2.uasset" 2075
"C:/Users/keega/OneDrive/Desktop/GitHub/ChungusInteractive/SandsOfSet/Content/Cutscene/Lvl2/End_Cutscene_Text/W_Text4_2.uexp" 2076
"C:/Users/keega/OneDrive/Desktop/GitHub/ChungusInteractive/SandsOfSet/Content/_GENERATED/Owner/Box_146F86BC.ubulk" 2077
"C:/Users/keega/OneDrive/Desktop/GitHub/ChungusInteractive/SandsOfSet/Content/_GENERATED/Owner/Box_146F86BC.uasset" 2078
"C:/Users/keega/OneDrive/Desktop/GitHub/ChungusInteractive/SandsOfSet/Content/_GENERATED/Owner/Box_146F86BC.uexp" 2079
"C:/Users/keega/OneDrive/Desktop/GitHub/ChungusInteractive/SandsOfSet/Content/_GENERATED/Owner/Box_D92815C9.ubulk" 2080
"C:/Users/keega/OneDrive/Desktop/GitHub/ChungusInteractive/SandsOfSet/Content/_GENERATED/Owner/Box_D92815C9.uasset" 2081
"C:/Users/keega/OneDrive/Desktop/GitHub/ChungusInteractive/SandsOfSet/Content/_GENERATED/Owner/Box_D92815C9.uexp" 2082
"C:/Users/keega/OneDrive/Desktop/GitHub/ChungusInteractive/SandsOfSet/Content/Cutscene/Lvl2/Image4_Sequence.uasset" 2083
"C:/Users/keega/OneDrive/Desktop/GitHub/ChungusInteractive/SandsOfSet/Content/Cutscene/Lvl2/Image4_Sequence.uexp" 2084
"C:/Users/keega/OneDrive/Desktop/GitHub/ChungusInteractive/SandsOfSet/Content/Cutscene/Lvl2/Image3_Sequence.uasset" 2085
"C:/Users/keega/OneDrive/Desktop/GitHub/ChungusInteractive/SandsOfSet/Content/Cutscene/Lvl2/Image3_Sequence.uexp" 2086
"C:/Users/keega/OneDrive/Desktop/GitHub/ChungusInteractive/SandsOfSet/Content/Cutscene/Lvl2/Image2_Sequence.uasset" 2087
"C:/Users/keega/OneDrive/Desktop/GitHub/ChungusInteractive/SandsOfSet/Content/Cutscene/Lvl2/Image2_Sequence.uexp" 2088
"C:/Users/keega/OneDrive/Desktop/GitHub/ChungusInteractive/SandsOfSet/Content/Cutscene/Lvl2/Image1_Sequence.uasset" 2089
"C:/Users/keega/OneDrive/Desktop/GitHub/ChungusInteractive/SandsOfSet/Content/Cutscene/Lvl2/Image1_Sequence.uexp" 2090
"C:/Users/keega/OneDrive/Desktop/GitHub/ChungusInteractive/SandsOfSet/Content/Cutscene/Lvl2/End_Cutscene_Lvl2.uasset" 2091
"C:/Users/keega/OneDrive/Desktop/GitHub/ChungusInteractive/SandsOfSet/Content/Cutscene/Lvl2/End_Cutscene_Lvl2.uexp" 2092
"C:/Users/keega/OneDrive/Desktop/GitHub/ChungusInteractive/SandsOfSet/Content/_GENERATED/Owner/Box_4F6C2787.ubulk" 2093
"C:/Users/keega/OneDrive/Desktop/GitHub/ChungusInteractive/SandsOfSet/Content/_GENERATED/Owner/Box_4F6C2787.uasset" 2094
"C:/Users/keega/OneDrive/Desktop/GitHub/ChungusInteractive/SandsOfSet/Content/_GENERATED/Owner/Box_4F6C2787.uexp" 2095
"C:/Users/keega/OneDrive/Desktop/GitHub/ChungusInteractive/SandsOfSet/Content/Models/Miles/pPlatonic1.ubulk" 2096
"C:/Users/keega/OneDrive/Desktop/GitHub/ChungusInteractive/SandsOfSet/Content/Models/Miles/pPlatonic1.uasset" 2097
"C:/Users/keega/OneDrive/Desktop/GitHub/ChungusInteractive/SandsOfSet/Content/Models/Miles/pPlatonic1.uexp" 2098
"C:/Users/keega/OneDrive/Desktop/GitHub/ChungusInteractive/SandsOfSet/Content/Models/Miles/pPlatonic2.ubulk" 2099
"C:/Users/keega/OneDrive/Desktop/GitHub/ChungusInteractive/SandsOfSet/Content/Models/Miles/pPlatonic2.uasset" 2100
"C:/Users/keega/OneDrive/Desktop/GitHub/ChungusInteractive/SandsOfSet/Content/Models/Miles/pPlatonic2.uexp" 2101
"C:/Users/keega/OneDrive/Desktop/GitHub/ChungusInteractive/SandsOfSet/Content/Models/Miles/pPlatonic3.ubulk" 2102
"C:/Users/keega/OneDrive/Desktop/GitHub/ChungusInteractive/SandsOfSet/Content/Models/Miles/pPlatonic3.uasset" 2103
"C:/Users/keega/OneDrive/Desktop/GitHub/ChungusInteractive/SandsOfSet/Content/Models/Miles/pPlatonic3.uexp" 2104
"C:/Users/keega/OneDrive/Desktop/GitHub/ChungusInteractive/SandsOfSet/Content/Models/Miles/pSphere17.ubulk" 2105
"C:/Users/keega/OneDrive/Desktop/GitHub/ChungusInteractive/SandsOfSet/Content/Models/Miles/pSphere17.uasset" 2106
"C:/Users/keega/OneDrive/Desktop/GitHub/ChungusInteractive/SandsOfSet/Content/Models/Miles/pSphere17.uexp" 2107
"C:/Users/keega/OneDrive/Desktop/GitHub/ChungusInteractive/SandsOfSet/Content/Models/Miles/pSphere23.ubulk" 2108
"C:/Users/keega/OneDrive/Desktop/GitHub/ChungusInteractive/SandsOfSet/Content/Models/Miles/pSphere23.uasset" 2109
"C:/Users/keega/OneDrive/Desktop/GitHub/ChungusInteractive/SandsOfSet/Content/Models/Miles/pSphere23.uexp" 2110
"C:/Users/keega/OneDrive/Desktop/GitHub/ChungusInteractive/SandsOfSet/Content/Models/Miles/pSphere24.ubulk" 2111
"C:/Users/keega/OneDrive/Desktop/GitHub/ChungusInteractive/SandsOfSet/Content/Models/Miles/pSphere24.uasset" 2112
"C:/Users/keega/OneDrive/Desktop/GitHub/ChungusInteractive/SandsOfSet/Content/Models/Miles/pSphere24.uexp" 2113
"C:/Users/keega/OneDrive/Desktop/GitHub/ChungusInteractive/SandsOfSet/Content/Cutscene/Lvl2/End_Cutscene_Images__Storyboard_/image_2.uasset" 2114
"C:/Users/keega/OneDrive/Desktop/GitHub/ChungusInteractive/SandsOfSet/Content/Cutscene/Lvl2/End_Cutscene_Images__Storyboard_/image_2.uexp" 2115
"C:/Users/keega/OneDrive/Desktop/GitHub/ChungusInteractive/SandsOfSet/Content/Cutscene/Lvl2/End_Cutscene_Images__Storyboard_/image_2_Mat.uasset" 2116
"C:/Users/keega/OneDrive/Desktop/GitHub/ChungusInteractive/SandsOfSet/Content/Cutscene/Lvl2/End_Cutscene_Images__Storyboard_/image_2_Mat.uexp" 2117
"C:/Users/keega/OneDrive/Desktop/GitHub/ChungusInteractive/SandsOfSet/Content/Cutscene/Lvl2/End_Cutscene_Images__Storyboard_/image_3.uasset" 2118
"C:/Users/keega/OneDrive/Desktop/GitHub/ChungusInteractive/SandsOfSet/Content/Cutscene/Lvl2/End_Cutscene_Images__Storyboard_/image_3.uexp" 2119
"C:/Users/keega/OneDrive/Desktop/GitHub/ChungusInteractive/SandsOfSet/Content/Cutscene/Lvl2/End_Cutscene_Images__Storyboard_/image_3_Mat.uasset" 2120
"C:/Users/keega/OneDrive/Desktop/GitHub/ChungusInteractive/SandsOfSet/Content/Cutscene/Lvl2/End_Cutscene_Images__Storyboard_/image_3_Mat.uexp" 2121
"C:/Users/keega/OneDrive/Desktop/GitHub/ChungusInteractive/SandsOfSet/Content/Cutscene/Lvl2/End_Cutscene_Images__Storyboard_/image_4.uasset" 2122
"C:/Users/keega/OneDrive/Desktop/GitHub/ChungusInteractive/SandsOfSet/Content/Cutscene/Lvl2/End_Cutscene_Images__Storyboard_/image_4.uexp" 2123
"C:/Users/keega/OneDrive/Desktop/GitHub/ChungusInteractive/SandsOfSet/Content/Cutscene/Lvl2/End_Cutscene_Images__Storyboard_/image_4_Mat.uasset" 2124
"C:/Users/keega/OneDrive/Desktop/GitHub/ChungusInteractive/SandsOfSet/Content/Cutscene/Lvl2/End_Cutscene_Images__Storyboard_/image_4_Mat.uexp" 2125
"C:/Users/keega/OneDrive/Desktop/GitHub/ChungusInteractive/SandsOfSet/Content/Cutscene/Lvl2/End_Cutscene_Images__Storyboard_/image.uasset" 2126
"C:/Users/keega/OneDrive/Desktop/GitHub/ChungusInteractive/SandsOfSet/Content/Cutscene/Lvl2/End_Cutscene_Images__Storyboard_/image.uexp" 2127
"C:/Users/keega/OneDrive/Desktop/GitHub/ChungusInteractive/SandsOfSet/Content/Cutscene/Lvl2/End_Cutscene_Images__Storyboard_/image_Mat.uasset" 2128
"C:/Users/keega/OneDrive/Desktop/GitHub/ChungusInteractive/SandsOfSet/Content/Cutscene/Lvl2/End_Cutscene_Images__Storyboard_/image_Mat.uexp" 2129
"C:/Users/keega/OneDrive/Desktop/GitHub/ChungusInteractive/SandsOfSet/Content/Cutscene/Lvl2/End_Cutscene_Text/W_Text5_2.uasset" 2130
"C:/Users/keega/OneDrive/Desktop/GitHub/ChungusInteractive/SandsOfSet/Content/Cutscene/Lvl2/End_Cutscene_Text/W_Text5_2.uexp" 2131
"../../../Engine/Content/BasicShapes/Cylinder.ubulk" 2132
"../../../Engine/Content/BasicShapes/Cylinder.uasset" 2133
"../../../Engine/Content/BasicShapes/Cylinder.uexp" 2134
"C:/Users/keega/OneDrive/Desktop/GitHub/ChungusInteractive/SandsOfSet/Content/Models/Isaiah/Pillar5.ubulk" 2135
"C:/Users/keega/OneDrive/Desktop/GitHub/ChungusInteractive/SandsOfSet/Content/Models/Isaiah/Pillar5.uasset" 2136
"C:/Users/keega/OneDrive/Desktop/GitHub/ChungusInteractive/SandsOfSet/Content/Models/Isaiah/Pillar5.uexp" 2137
"../../../Engine/Content/Functions/Engine_MaterialFunctions01/Shading/ConvertFromDiffSpec.uasset" 2138
"../../../Engine/Content/Functions/Engine_MaterialFunctions01/Shading/ConvertFromDiffSpec.uexp" 2139
"../../../Engine/Content/EditorShellMaterials/T_BaseOverlay.ubulk" 2140
"../../../Engine/Content/EditorShellMaterials/T_BaseOverlay.uasset" 2141
"../../../Engine/Content/EditorShellMaterials/T_BaseOverlay.uexp" 2142
"../../../Engine/Content/EditorShellMaterials/T_Base.uasset" 2143
"../../../Engine/Content/EditorShellMaterials/T_Base.uexp" 2144
"../../../Engine/Content/EditorShellMaterials/M_ShellMaster.uasset" 2145
"../../../Engine/Content/EditorShellMaterials/M_ShellMaster.uexp" 2146
"../../../Engine/Content/EditorShellMaterials/MI_BaseFlat.uasset" 2147
"../../../Engine/Content/EditorShellMaterials/MI_BaseFlat.uexp" 2148
"C:/Users/keega/OneDrive/Desktop/GitHub/ChungusInteractive/SandsOfSet/Content/Models/Isaiah/ceiling.ubulk" 2149
"C:/Users/keega/OneDrive/Desktop/GitHub/ChungusInteractive/SandsOfSet/Content/Models/Isaiah/ceiling.uasset" 2150
"C:/Users/keega/OneDrive/Desktop/GitHub/ChungusInteractive/SandsOfSet/Content/Models/Isaiah/ceiling.uexp" 2151
"C:/Users/keega/OneDrive/Desktop/GitHub/ChungusInteractive/SandsOfSet/Content/_GENERATED/Owner/Stairs_24715D60.ubulk" 2152
"C:/Users/keega/OneDrive/Desktop/GitHub/ChungusInteractive/SandsOfSet/Content/_GENERATED/Owner/Stairs_24715D60.uasset" 2153
"C:/Users/keega/OneDrive/Desktop/GitHub/ChungusInteractive/SandsOfSet/Content/_GENERATED/Owner/Stairs_24715D60.uexp" 2154
"C:/Users/keega/OneDrive/Desktop/GitHub/ChungusInteractive/SandsOfSet/Content/Models/Miles/Texture/Wall/SandsofSetWall_1_initialShadingGroup_Roughness.ubulk" 2155
"C:/Users/keega/OneDrive/Desktop/GitHub/ChungusInteractive/SandsOfSet/Content/Models/Miles/Texture/Wall/SandsofSetWall_1_initialShadingGroup_Roughness.uasset" 2156
"C:/Users/keega/OneDrive/Desktop/GitHub/ChungusInteractive/SandsOfSet/Content/Models/Miles/Texture/Wall/SandsofSetWall_1_initialShadingGroup_Roughness.uexp" 2157
"C:/Users/keega/OneDrive/Desktop/GitHub/ChungusInteractive/SandsOfSet/Content/Models/Miles/Texture/Wall/SandsofSetWall_1_initialShadingGroup_Normal.ubulk" 2158
"C:/Users/keega/OneDrive/Desktop/GitHub/ChungusInteractive/SandsOfSet/Content/Models/Miles/Texture/Wall/SandsofSetWall_1_initialShadingGroup_Normal.uasset" 2159
"C:/Users/keega/OneDrive/Desktop/GitHub/ChungusInteractive/SandsOfSet/Content/Models/Miles/Texture/Wall/SandsofSetWall_1_initialShadingGroup_Normal.uexp" 2160
"C:/Users/keega/OneDrive/Desktop/GitHub/ChungusInteractive/SandsOfSet/Content/Models/Miles/Texture/Wall/SandsofSetWall_1_initialShadingGroup_Metallic.ubulk" 2161
"C:/Users/keega/OneDrive/Desktop/GitHub/ChungusInteractive/SandsOfSet/Content/Models/Miles/Texture/Wall/SandsofSetWall_1_initialShadingGroup_Metallic.uasset" 2162
"C:/Users/keega/OneDrive/Desktop/GitHub/ChungusInteractive/SandsOfSet/Content/Models/Miles/Texture/Wall/SandsofSetWall_1_initialShadingGroup_Metallic.uexp" 2163
"C:/Users/keega/OneDrive/Desktop/GitHub/ChungusInteractive/SandsOfSet/Content/Models/Miles/Texture/Wall/SandsofSetWall_1_initialShadingGroup_Height.ubulk" 2164
"C:/Users/keega/OneDrive/Desktop/GitHub/ChungusInteractive/SandsOfSet/Content/Models/Miles/Texture/Wall/SandsofSetWall_1_initialShadingGroup_Height.uasset" 2165
"C:/Users/keega/OneDrive/Desktop/GitHub/ChungusInteractive/SandsOfSet/Content/Models/Miles/Texture/Wall/SandsofSetWall_1_initialShadingGroup_Height.uexp" 2166
"C:/Users/keega/OneDrive/Desktop/GitHub/ChungusInteractive/SandsOfSet/Content/Models/Miles/Texture/Wall/SandsofSetWall_1_initialShadingGroup_BaseColor.ubulk" 2167
"C:/Users/keega/OneDrive/Desktop/GitHub/ChungusInteractive/SandsOfSet/Content/Models/Miles/Texture/Wall/SandsofSetWall_1_initialShadingGroup_BaseColor.uasset" 2168
"C:/Users/keega/OneDrive/Desktop/GitHub/ChungusInteractive/SandsOfSet/Content/Models/Miles/Texture/Wall/SandsofSetWall_1_initialShadingGroup_BaseColor.uexp" 2169
"C:/Users/keega/OneDrive/Desktop/GitHub/ChungusInteractive/SandsOfSet/Content/Models/Miles/Texture/Wall/M_Wall1.uasset" 2170
"C:/Users/keega/OneDrive/Desktop/GitHub/ChungusInteractive/SandsOfSet/Content/Models/Miles/Texture/Wall/M_Wall1.uexp" 2171
"C:/Users/keega/OneDrive/Desktop/GitHub/ChungusInteractive/SandsOfSet/Content/Models/Miles/Texture/Pillers/SandsofSetPillar_2_initialShadingGroup_BaseColor.ubulk" 2172
"C:/Users/keega/OneDrive/Desktop/GitHub/ChungusInteractive/SandsOfSet/Content/Models/Miles/Texture/Pillers/SandsofSetPillar_2_initialShadingGroup_BaseColor.uasset" 2173
"C:/Users/keega/OneDrive/Desktop/GitHub/ChungusInteractive/SandsOfSet/Content/Models/Miles/Texture/Pillers/SandsofSetPillar_2_initialShadingGroup_BaseColor.uexp" 2174
"C:/Users/keega/OneDrive/Desktop/GitHub/ChungusInteractive/SandsOfSet/Content/Models/Miles/Texture/Pillers/SandsofSetPillar_2_initialShadingGroup_BaseColor_Mat.uasset" 2175
"C:/Users/keega/OneDrive/Desktop/GitHub/ChungusInteractive/SandsOfSet/Content/Models/Miles/Texture/Pillers/SandsofSetPillar_2_initialShadingGroup_BaseColor_Mat.uexp" 2176
"C:/Users/keega/OneDrive/Desktop/GitHub/ChungusInteractive/SandsOfSet/Content/Models/Miles/SandsofSetBrazier.ubulk" 2177
"C:/Users/keega/OneDrive/Desktop/GitHub/ChungusInteractive/SandsOfSet/Content/Models/Miles/SandsofSetBrazier.uasset" 2178
"C:/Users/keega/OneDrive/Desktop/GitHub/ChungusInteractive/SandsOfSet/Content/Models/Miles/SandsofSetBrazier.uexp" 2179
"C:/Users/keega/OneDrive/Desktop/GitHub/ChungusInteractive/SandsOfSet/Content/Models/Miles/SandsofSetPillar_2.ubulk" 2180
"C:/Users/keega/OneDrive/Desktop/GitHub/ChungusInteractive/SandsOfSet/Content/Models/Miles/SandsofSetPillar_2.uasset" 2181
"C:/Users/keega/OneDrive/Desktop/GitHub/ChungusInteractive/SandsOfSet/Content/Models/Miles/SandsofSetPillar_2.uexp" 2182
"C:/Users/keega/OneDrive/Desktop/GitHub/ChungusInteractive/SandsOfSet/Content/Models/Miles/Texture/Pillers/SandsofSetPillar_2_initialShadingGroup_Roughness.ubulk" 2183
"C:/Users/keega/OneDrive/Desktop/GitHub/ChungusInteractive/SandsOfSet/Content/Models/Miles/Texture/Pillers/SandsofSetPillar_2_initialShadingGroup_Roughness.uasset" 2184
"C:/Users/keega/OneDrive/Desktop/GitHub/ChungusInteractive/SandsOfSet/Content/Models/Miles/Texture/Pillers/SandsofSetPillar_2_initialShadingGroup_Roughness.uexp" 2185
"C:/Users/keega/OneDrive/Desktop/GitHub/ChungusInteractive/SandsOfSet/Content/Models/Miles/Texture/Pillers/SandsofSetPillar_2_initialShadingGroup_Normal.ubulk" 2186
"C:/Users/keega/OneDrive/Desktop/GitHub/ChungusInteractive/SandsOfSet/Content/Models/Miles/Texture/Pillers/SandsofSetPillar_2_initialShadingGroup_Normal.uasset" 2187
"C:/Users/keega/OneDrive/Desktop/GitHub/ChungusInteractive/SandsOfSet/Content/Models/Miles/Texture/Pillers/SandsofSetPillar_2_initialShadingGroup_Normal.uexp" 2188
"C:/Users/keega/OneDrive/Desktop/GitHub/ChungusInteractive/SandsOfSet/Content/Models/Miles/Texture/Pillers/SandsofSetPillar_2_initialShadingGroup_Metallic.ubulk" 2189
"C:/Users/keega/OneDrive/Desktop/GitHub/ChungusInteractive/SandsOfSet/Content/Models/Miles/Texture/Pillers/SandsofSetPillar_2_initialShadingGroup_Metallic.uasset" 2190
"C:/Users/keega/OneDrive/Desktop/GitHub/ChungusInteractive/SandsOfSet/Content/Models/Miles/Texture/Pillers/SandsofSetPillar_2_initialShadingGroup_Metallic.uexp" 2191
"C:/Users/keega/OneDrive/Desktop/GitHub/ChungusInteractive/SandsOfSet/Content/Models/Miles/Texture/Pillers/SandsofSetPillar_2_initialShadingGroup_Height.ubulk" 2192
"C:/Users/keega/OneDrive/Desktop/GitHub/ChungusInteractive/SandsOfSet/Content/Models/Miles/Texture/Pillers/SandsofSetPillar_2_initialShadingGroup_Height.uasset" 2193
"C:/Users/keega/OneDrive/Desktop/GitHub/ChungusInteractive/SandsOfSet/Content/Models/Miles/Texture/Pillers/SandsofSetPillar_2_initialShadingGroup_Height.uexp" 2194
"C:/Users/keega/OneDrive/Desktop/GitHub/ChungusInteractive/SandsOfSet/Content/Models/Miles/Texture/Pillers/M_Pillar2.uasset" 2195
"C:/Users/keega/OneDrive/Desktop/GitHub/ChungusInteractive/SandsOfSet/Content/Models/Miles/Texture/Pillers/M_Pillar2.uexp" 2196
"C:/Users/keega/OneDrive/Desktop/GitHub/ChungusInteractive/SandsOfSet/Content/Materials/M_TempFloor.uasset" 2197
"C:/Users/keega/OneDrive/Desktop/GitHub/ChungusInteractive/SandsOfSet/Content/Materials/M_TempFloor.uexp" 2198
"C:/Users/keega/OneDrive/Desktop/GitHub/ChungusInteractive/SandsOfSet/Content/Materials/Textures/StyleSand/SOS_Sandtexture_basecolor.ubulk" 2199
"C:/Users/keega/OneDrive/Desktop/GitHub/ChungusInteractive/SandsOfSet/Content/Materials/Textures/StyleSand/SOS_Sandtexture_basecolor.uasset" 2200
"C:/Users/keega/OneDrive/Desktop/GitHub/ChungusInteractive/SandsOfSet/Content/Materials/Textures/StyleSand/SOS_Sandtexture_basecolor.uexp" 2201
"C:/Users/keega/OneDrive/Desktop/GitHub/ChungusInteractive/SandsOfSet/Content/Materials/Textures/StyleSand/SOS_Sandtexture_height.ubulk" 2202
"C:/Users/keega/OneDrive/Desktop/GitHub/ChungusInteractive/SandsOfSet/Content/Materials/Textures/StyleSand/SOS_Sandtexture_height.uasset" 2203
"C:/Users/keega/OneDrive/Desktop/GitHub/ChungusInteractive/SandsOfSet/Content/Materials/Textures/StyleSand/SOS_Sandtexture_height.uexp" 2204
"C:/Users/keega/OneDrive/Desktop/GitHub/ChungusInteractive/SandsOfSet/Content/Materials/Textures/StyleSand/SOS_Sandtexture_metallic.ubulk" 2205
"C:/Users/keega/OneDrive/Desktop/GitHub/ChungusInteractive/SandsOfSet/Content/Materials/Textures/StyleSand/SOS_Sandtexture_metallic.uasset" 2206
"C:/Users/keega/OneDrive/Desktop/GitHub/ChungusInteractive/SandsOfSet/Content/Materials/Textures/StyleSand/SOS_Sandtexture_metallic.uexp" 2207
"C:/Users/keega/OneDrive/Desktop/GitHub/ChungusInteractive/SandsOfSet/Content/Materials/Textures/StyleSand/SOS_Sandtexture_normal.ubulk" 2208
"C:/Users/keega/OneDrive/Desktop/GitHub/ChungusInteractive/SandsOfSet/Content/Materials/Textures/StyleSand/SOS_Sandtexture_normal.uasset" 2209
"C:/Users/keega/OneDrive/Desktop/GitHub/ChungusInteractive/SandsOfSet/Content/Materials/Textures/StyleSand/SOS_Sandtexture_normal.uexp" 2210
"C:/Users/keega/OneDrive/Desktop/GitHub/ChungusInteractive/SandsOfSet/Content/Materials/Textures/StyleSand/SOS_Sandtexture_roughness.ubulk" 2211
"C:/Users/keega/OneDrive/Desktop/GitHub/ChungusInteractive/SandsOfSet/Content/Materials/Textures/StyleSand/SOS_Sandtexture_roughness.uasset" 2212
"C:/Users/keega/OneDrive/Desktop/GitHub/ChungusInteractive/SandsOfSet/Content/Materials/Textures/StyleSand/SOS_Sandtexture_roughness.uexp" 2213
"C:/Users/keega/OneDrive/Desktop/GitHub/ChungusInteractive/SandsOfSet/Content/Materials/M_CamIgnore.uasset" 2214
"C:/Users/keega/OneDrive/Desktop/GitHub/ChungusInteractive/SandsOfSet/Content/Materials/M_CamIgnore.uexp" 2215
"C:/Users/keega/OneDrive/Desktop/GitHub/ChungusInteractive/SandsOfSet/Content/VFX/NS_WaterSpraySystem.uasset" 2216
"C:/Users/keega/OneDrive/Desktop/GitHub/ChungusInteractive/SandsOfSet/Content/VFX/NS_WaterSpraySystem.uexp" 2217
"C:/Users/keega/OneDrive/Desktop/GitHub/ChungusInteractive/SandsOfSet/Content/Models/Miles/Texture/Alters/SandsofSetAlter_2_initialShadingGroup_Roughness.ubulk" 2218
"C:/Users/keega/OneDrive/Desktop/GitHub/ChungusInteractive/SandsOfSet/Content/Models/Miles/Texture/Alters/SandsofSetAlter_2_initialShadingGroup_Roughness.uasset" 2219
"C:/Users/keega/OneDrive/Desktop/GitHub/ChungusInteractive/SandsOfSet/Content/Models/Miles/Texture/Alters/SandsofSetAlter_2_initialShadingGroup_Roughness.uexp" 2220
"C:/Users/keega/OneDrive/Desktop/GitHub/ChungusInteractive/SandsOfSet/Content/Models/Miles/Texture/Alters/SandsofSetAlter_2_initialShadingGroup_Normal.ubulk" 2221
"C:/Users/keega/OneDrive/Desktop/GitHub/ChungusInteractive/SandsOfSet/Content/Models/Miles/Texture/Alters/SandsofSetAlter_2_initialShadingGroup_Normal.uasset" 2222
"C:/Users/keega/OneDrive/Desktop/GitHub/ChungusInteractive/SandsOfSet/Content/Models/Miles/Texture/Alters/SandsofSetAlter_2_initialShadingGroup_Normal.uexp" 2223
"C:/Users/keega/OneDrive/Desktop/GitHub/ChungusInteractive/SandsOfSet/Content/Models/Miles/Texture/Alters/SandsofSetAlter_2_initialShadingGroup_Metallic.ubulk" 2224
"C:/Users/keega/OneDrive/Desktop/GitHub/ChungusInteractive/SandsOfSet/Content/Models/Miles/Texture/Alters/SandsofSetAlter_2_initialShadingGroup_Metallic.uasset" 2225
"C:/Users/keega/OneDrive/Desktop/GitHub/ChungusInteractive/SandsOfSet/Content/Models/Miles/Texture/Alters/SandsofSetAlter_2_initialShadingGroup_Metallic.uexp" 2226
"C:/Users/keega/OneDrive/Desktop/GitHub/ChungusInteractive/SandsOfSet/Content/Models/Miles/Texture/Alters/SandsofSetAlter_2_initialShadingGroup_Height.ubulk" 2227
"C:/Users/keega/OneDrive/Desktop/GitHub/ChungusInteractive/SandsOfSet/Content/Models/Miles/Texture/Alters/SandsofSetAlter_2_initialShadingGroup_Height.uasset" 2228
"C:/Users/keega/OneDrive/Desktop/GitHub/ChungusInteractive/SandsOfSet/Content/Models/Miles/Texture/Alters/SandsofSetAlter_2_initialShadingGroup_Height.uexp" 2229
"C:/Users/keega/OneDrive/Desktop/GitHub/ChungusInteractive/SandsOfSet/Content/Models/Miles/Texture/Alters/SandsofSetAlter_2_initialShadingGroup_BaseColor.ubulk" 2230
"C:/Users/keega/OneDrive/Desktop/GitHub/ChungusInteractive/SandsOfSet/Content/Models/Miles/Texture/Alters/SandsofSetAlter_2_initialShadingGroup_BaseColor.uasset" 2231
"C:/Users/keega/OneDrive/Desktop/GitHub/ChungusInteractive/SandsOfSet/Content/Models/Miles/Texture/Alters/SandsofSetAlter_2_initialShadingGroup_BaseColor.uexp" 2232
"C:/Users/keega/OneDrive/Desktop/GitHub/ChungusInteractive/SandsOfSet/Content/Models/Miles/Texture/Alters/M_Alter.uasset" 2233
"C:/Users/keega/OneDrive/Desktop/GitHub/ChungusInteractive/SandsOfSet/Content/Models/Miles/Texture/Alters/M_Alter.uexp" 2234
"C:/Users/keega/OneDrive/Desktop/GitHub/ChungusInteractive/SandsOfSet/Content/Models/Miles/Texture/Pillers/SandsofSetPillar_1_initialShadingGroup_Metallic_Mat.uasset" 2235
"C:/Users/keega/OneDrive/Desktop/GitHub/ChungusInteractive/SandsOfSet/Content/Models/Miles/Texture/Pillers/SandsofSetPillar_1_initialShadingGroup_Metallic_Mat.uexp" 2236
"C:/Users/keega/OneDrive/Desktop/GitHub/ChungusInteractive/SandsOfSet/Content/Lvl_SecondTemple.uexp" 2237
"C:/Users/keega/OneDrive/Desktop/GitHub/ChungusInteractive/SandsOfSet/Content/Lvl_SecondTemple.umap" 2238
"C:/Users/keega/OneDrive/Desktop/GitHub/ChungusInteractive/SandsOfSet/Content/Input/Actions/IA_MouseLook.uasset" 2239
"C:/Users/keega/OneDrive/Desktop/GitHub/ChungusInteractive/SandsOfSet/Content/Input/Actions/IA_MouseLook.uexp" 2240
"C:/Users/keega/OneDrive/Desktop/GitHub/ChungusInteractive/SandsOfSet/Content/Input/IMC_MouseLook.uasset" 2241
"C:/Users/keega/OneDrive/Desktop/GitHub/ChungusInteractive/SandsOfSet/Content/Input/IMC_MouseLook.uexp" 2242
"C:/Users/keega/OneDrive/Desktop/GitHub/ChungusInteractive/SandsOfSet/Content/LevelOnePuzzles/Light/IA_Use.uasset" 2243
"C:/Users/keega/OneDrive/Desktop/GitHub/ChungusInteractive/SandsOfSet/Content/LevelOnePuzzles/Light/IA_Use.uexp" 2244
"C:/Users/keega/OneDrive/Desktop/GitHub/ChungusInteractive/SandsOfSet/Content/Input/Actions/IA_Look.uasset" 2245
"C:/Users/keega/OneDrive/Desktop/GitHub/ChungusInteractive/SandsOfSet/Content/Input/Actions/IA_Look.uexp" 2246
"C:/Users/keega/OneDrive/Desktop/GitHub/ChungusInteractive/SandsOfSet/Content/Input/IMC_Default.uasset" 2247
"C:/Users/keega/OneDrive/Desktop/GitHub/ChungusInteractive/SandsOfSet/Content/Input/IMC_Default.uexp" 2248
"C:/Users/keega/OneDrive/Desktop/GitHub/ChungusInteractive/SandsOfSet/Content/Input/Touch/UI_Thumbstick.uasset" 2249
"C:/Users/keega/OneDrive/Desktop/GitHub/ChungusInteractive/SandsOfSet/Content/Input/Touch/UI_Thumbstick.uexp" 2250
"C:/Users/keega/OneDrive/Desktop/GitHub/ChungusInteractive/SandsOfSet/Content/Input/Touch/UI_TouchSimple.uasset" 2251
"C:/Users/keega/OneDrive/Desktop/GitHub/ChungusInteractive/SandsOfSet/Content/Input/Touch/UI_TouchSimple.uexp" 2252
"C:/Users/keega/OneDrive/Desktop/GitHub/ChungusInteractive/SandsOfSet/Content/ThirdPerson/Blueprints/BP_ThirdPersonPlayerController.uasset" 2253
"C:/Users/keega/OneDrive/Desktop/GitHub/ChungusInteractive/SandsOfSet/Content/ThirdPerson/Blueprints/BP_ThirdPersonPlayerController.uexp" 2254
"C:/Users/keega/OneDrive/Desktop/GitHub/ChungusInteractive/SandsOfSet/Content/ThirdPerson/Blueprints/BP_ThirdPersonGameMode.uasset" 2255
"C:/Users/keega/OneDrive/Desktop/GitHub/ChungusInteractive/SandsOfSet/Content/ThirdPerson/Blueprints/BP_ThirdPersonGameMode.uexp" 2256
"C:/Users/keega/OneDrive/Desktop/GitHub/ChungusInteractive/SandsOfSet/Content/LevelOnePuzzles/PaintingPuzzle/Puzzles/BP_PictureFrame01_Puzzle.uasset" 2257
"C:/Users/keega/OneDrive/Desktop/GitHub/ChungusInteractive/SandsOfSet/Content/LevelOnePuzzles/PaintingPuzzle/Puzzles/BP_PictureFrame01_Puzzle.uexp" 2258
"C:/Users/keega/OneDrive/Desktop/GitHub/ChungusInteractive/SandsOfSet/Content/LevelOnePuzzles/PressurePlate/B_DoorPicture.uasset" 2259
"C:/Users/keega/OneDrive/Desktop/GitHub/ChungusInteractive/SandsOfSet/Content/LevelOnePuzzles/PressurePlate/B_DoorPicture.uexp" 2260
"C:/Users/keega/OneDrive/Desktop/GitHub/ChungusInteractive/SandsOfSet/Content/Cutscene/Lvl1/End_Cutscene_Text/W_Text1_1.uasset" 2261
"C:/Users/keega/OneDrive/Desktop/GitHub/ChungusInteractive/SandsOfSet/Content/Cutscene/Lvl1/End_Cutscene_Text/W_Text1_1.uexp" 2262
"C:/Users/keega/OneDrive/Desktop/GitHub/ChungusInteractive/SandsOfSet/Content/Cutscene/Lvl1/End_Cutscene_Text/W_Text2_1.uasset" 2263
"C:/Users/keega/OneDrive/Desktop/GitHub/ChungusInteractive/SandsOfSet/Content/Cutscene/Lvl1/End_Cutscene_Text/W_Text2_1.uexp" 2264
"C:/Users/keega/OneDrive/Desktop/GitHub/ChungusInteractive/SandsOfSet/Content/Cutscene/Lvl1/End_Cutscene_Text/W_Text3_1.uasset" 2265
"C:/Users/keega/OneDrive/Desktop/GitHub/ChungusInteractive/SandsOfSet/Content/Cutscene/Lvl1/End_Cutscene_Text/W_Text3_1.uexp" 2266
"C:/Users/keega/OneDrive/Desktop/GitHub/ChungusInteractive/SandsOfSet/Content/Cutscene/Lvl1/End_Cutscene_Text/W_Text4_1.uasset" 2267
"C:/Users/keega/OneDrive/Desktop/GitHub/ChungusInteractive/SandsOfSet/Content/Cutscene/Lvl1/End_Cutscene_Text/W_Text4_1.uexp" 2268
"C:/Users/keega/OneDrive/Desktop/GitHub/ChungusInteractive/SandsOfSet/Content/Cutscene/Lvl1/End_Cutscene_Images_Storyboard/image_2.uasset" 2269
"C:/Users/keega/OneDrive/Desktop/GitHub/ChungusInteractive/SandsOfSet/Content/Cutscene/Lvl1/End_Cutscene_Images_Storyboard/image_2.uexp" 2270
"C:/Users/keega/OneDrive/Desktop/GitHub/ChungusInteractive/SandsOfSet/Content/Cutscene/Lvl1/End_Cutscene_Images_Storyboard/image_2_Mat.uasset" 2271
"C:/Users/keega/OneDrive/Desktop/GitHub/ChungusInteractive/SandsOfSet/Content/Cutscene/Lvl1/End_Cutscene_Images_Storyboard/image_2_Mat.uexp" 2272
"C:/Users/keega/OneDrive/Desktop/GitHub/ChungusInteractive/SandsOfSet/Content/Cutscene/Lvl1/End_Cutscene_Images_Storyboard/image_3.uasset" 2273
"C:/Users/keega/OneDrive/Desktop/GitHub/ChungusInteractive/SandsOfSet/Content/Cutscene/Lvl1/End_Cutscene_Images_Storyboard/image_3.uexp" 2274
"C:/Users/keega/OneDrive/Desktop/GitHub/ChungusInteractive/SandsOfSet/Content/Cutscene/Lvl1/End_Cutscene_Images_Storyboard/image_3_Mat.uasset" 2275
"C:/Users/keega/OneDrive/Desktop/GitHub/ChungusInteractive/SandsOfSet/Content/Cutscene/Lvl1/End_Cutscene_Images_Storyboard/image_3_Mat.uexp" 2276
"C:/Users/keega/OneDrive/Desktop/GitHub/ChungusInteractive/SandsOfSet/Content/Cutscene/Lvl1/End_Cutscene_Images_Storyboard/image_4.uasset" 2277
"C:/Users/keega/OneDrive/Desktop/GitHub/ChungusInteractive/SandsOfSet/Content/Cutscene/Lvl1/End_Cutscene_Images_Storyboard/image_4.uexp" 2278
"C:/Users/keega/OneDrive/Desktop/GitHub/ChungusInteractive/SandsOfSet/Content/Cutscene/Lvl1/End_Cutscene_Images_Storyboard/image_4_Mat.uasset" 2279
"C:/Users/keega/OneDrive/Desktop/GitHub/ChungusInteractive/SandsOfSet/Content/Cutscene/Lvl1/End_Cutscene_Images_Storyboard/image_4_Mat.uexp" 2280
"C:/Users/keega/OneDrive/Desktop/GitHub/ChungusInteractive/SandsOfSet/Content/Cutscene/Lvl1/End_Cutscene_Images_Storyboard/image.uasset" 2281
"C:/Users/keega/OneDrive/Desktop/GitHub/ChungusInteractive/SandsOfSet/Content/Cutscene/Lvl1/End_Cutscene_Images_Storyboard/image.uexp" 2282
"C:/Users/keega/OneDrive/Desktop/GitHub/ChungusInteractive/SandsOfSet/Content/Cutscene/Lvl1/End_Cutscene_Images_Storyboard/image_Mat.uasset" 2283
"C:/Users/keega/OneDrive/Desktop/GitHub/ChungusInteractive/SandsOfSet/Content/Cutscene/Lvl1/End_Cutscene_Images_Storyboard/image_Mat.uexp" 2284
"C:/Users/keega/OneDrive/Desktop/GitHub/ChungusInteractive/SandsOfSet/Content/Lvl_FirstTemple.uexp" 2285
"C:/Users/keega/OneDrive/Desktop/GitHub/ChungusInteractive/SandsOfSet/Content/Lvl_FirstTemple.umap" 2286
"../../../Engine/Content/Maps/Entry_BuiltData.uasset" 2287
"../../../Engine/Content/Maps/Entry_BuiltData.uexp" 2288
"../../../Engine/Content/Maps/Entry.uexp" 2289
"../../../Engine/Content/Maps/Entry.umap" 2290
"C:/Users/keega/OneDrive/Desktop/GitHub/ChungusInteractive/SandsOfSet/Content/UI/UI_Assets/SOS_Title_Screen.uasset" 2291
"C:/Users/keega/OneDrive/Desktop/GitHub/ChungusInteractive/SandsOfSet/Content/UI/UI_Assets/SOS_Title_Screen.uexp" 2292
"C:/Users/keega/OneDrive/Desktop/GitHub/ChungusInteractive/SandsOfSet/Content/UI/W_StartScreen.uasset" 2293
"C:/Users/keega/OneDrive/Desktop/GitHub/ChungusInteractive/SandsOfSet/Content/UI/W_StartScreen.uexp" 2294
"C:/Users/keega/OneDrive/Desktop/GitHub/ChungusInteractive/SandsOfSet/Content/UI/GM_MainMenu.uasset" 2295
"C:/Users/keega/OneDrive/Desktop/GitHub/ChungusInteractive/SandsOfSet/Content/UI/GM_MainMenu.uexp" 2296
"C:/Users/keega/OneDrive/Desktop/GitHub/ChungusInteractive/SandsOfSet/Content/Audio/Music/SOS-Title_Music.ubulk" 2297
"C:/Users/keega/OneDrive/Desktop/GitHub/ChungusInteractive/SandsOfSet/Content/Audio/Music/SOS-Title_Music.uasset" 2298
"C:/Users/keega/OneDrive/Desktop/GitHub/ChungusInteractive/SandsOfSet/Content/Audio/Music/SOS-Title_Music.uexp" 2299
"C:/Users/keega/OneDrive/Desktop/GitHub/ChungusInteractive/SandsOfSet/Content/Audio/cue_title-music.uasset" 2300
"C:/Users/keega/OneDrive/Desktop/GitHub/ChungusInteractive/SandsOfSet/Content/Audio/cue_title-music.uexp" 2301
"C:/Users/keega/OneDrive/Desktop/GitHub/ChungusInteractive/SandsOfSet/Content/UI/UI_Lvls/StartScreen.uexp" 2302
"C:/Users/keega/OneDrive/Desktop/GitHub/ChungusInteractive/SandsOfSet/Content/UI/UI_Lvls/StartScreen.umap" 2303
"C:/Users/keega/OneDrive/Desktop/GitHub/ChungusInteractive/SandsOfSet/Content/UI/W_OptionsScreen.uasset" 2304
"C:/Users/keega/OneDrive/Desktop/GitHub/ChungusInteractive/SandsOfSet/Content/UI/W_OptionsScreen.uexp" 2305
"C:/Users/keega/OneDrive/Desktop/GitHub/ChungusInteractive/SandsOfSet/Content/UI/UI_Lvls/Options.uexp" 2306
"C:/Users/keega/OneDrive/Desktop/GitHub/ChungusInteractive/SandsOfSet/Content/UI/UI_Lvls/Options.umap" 2307
"C:/Users/keega/OneDrive/Desktop/GitHub/ChungusInteractive/SandsOfSet/Content/UI/W_CreditScreen.uasset" 2308
"C:/Users/keega/OneDrive/Desktop/GitHub/ChungusInteractive/SandsOfSet/Content/UI/W_CreditScreen.uexp" 2309
"C:/Users/keega/OneDrive/Desktop/GitHub/ChungusInteractive/SandsOfSet/Content/UI/UI_Lvls/Credits.uexp" 2310
"C:/Users/keega/OneDrive/Desktop/GitHub/ChungusInteractive/SandsOfSet/Content/UI/UI_Lvls/Credits.umap" 2311
"C:/Users/keega/OneDrive/Desktop/GitHub/ChungusInteractive/SandsOfSet/Content/TestingMap1/_Generated_/1OLHE3R53A8Y3O2Q6NFNZWKW3.uexp" 2312
"C:/Users/keega/OneDrive/Desktop/GitHub/ChungusInteractive/SandsOfSet/Content/TestingMap1/_Generated_/1OLHE3R53A8Y3O2Q6NFNZWKW3.ubulk" 2313
"C:/Users/keega/OneDrive/Desktop/GitHub/ChungusInteractive/SandsOfSet/Content/TestingMap1/_Generated_/1OLHE3R53A8Y3O2Q6NFNZWKW3.umap" 2314
"C:/Users/keega/OneDrive/Desktop/GitHub/ChungusInteractive/SandsOfSet/Content/TestingMap1/_Generated_/6RB4FZX6DBN3WH6IOVBRC5046.uexp" 2315
"C:/Users/keega/OneDrive/Desktop/GitHub/ChungusInteractive/SandsOfSet/Content/TestingMap1/_Generated_/6RB4FZX6DBN3WH6IOVBRC5046.ubulk" 2316
"C:/Users/keega/OneDrive/Desktop/GitHub/ChungusInteractive/SandsOfSet/Content/TestingMap1/_Generated_/6RB4FZX6DBN3WH6IOVBRC5046.umap" 2317
"C:/Users/keega/OneDrive/Desktop/GitHub/ChungusInteractive/SandsOfSet/Content/TestingMap1/_Generated_/ED6AP5I6EE70MR4BQ7CB11JQ6.uexp" 2318
"C:/Users/keega/OneDrive/Desktop/GitHub/ChungusInteractive/SandsOfSet/Content/TestingMap1/_Generated_/ED6AP5I6EE70MR4BQ7CB11JQ6.ubulk" 2319
"C:/Users/keega/OneDrive/Desktop/GitHub/ChungusInteractive/SandsOfSet/Content/TestingMap1/_Generated_/ED6AP5I6EE70MR4BQ7CB11JQ6.umap" 2320
"C:/Users/keega/OneDrive/Desktop/GitHub/ChungusInteractive/SandsOfSet/Content/TestingMap1/_Generated_/4OUP1XLDFJS85HPC8MDBL9W2E.uexp" 2321
"C:/Users/keega/OneDrive/Desktop/GitHub/ChungusInteractive/SandsOfSet/Content/TestingMap1/_Generated_/4OUP1XLDFJS85HPC8MDBL9W2E.ubulk" 2322
"C:/Users/keega/OneDrive/Desktop/GitHub/ChungusInteractive/SandsOfSet/Content/TestingMap1/_Generated_/4OUP1XLDFJS85HPC8MDBL9W2E.umap" 2323
"C:/Users/keega/OneDrive/Desktop/GitHub/ChungusInteractive/SandsOfSet/Content/TestingMap1/_Generated_/1KG0PP2HINEO5S9DL6JKGPF0I.uexp" 2324
"C:/Users/keega/OneDrive/Desktop/GitHub/ChungusInteractive/SandsOfSet/Content/TestingMap1/_Generated_/1KG0PP2HINEO5S9DL6JKGPF0I.ubulk" 2325
"C:/Users/keega/OneDrive/Desktop/GitHub/ChungusInteractive/SandsOfSet/Content/TestingMap1/_Generated_/1KG0PP2HINEO5S9DL6JKGPF0I.umap" 2326
"C:/Users/keega/OneDrive/Desktop/GitHub/ChungusInteractive/SandsOfSet/Content/TestingMap1/_Generated_/DII8ZGHP7VA75HR575K7PQKCD.uexp" 2327
"C:/Users/keega/OneDrive/Desktop/GitHub/ChungusInteractive/SandsOfSet/Content/TestingMap1/_Generated_/DII8ZGHP7VA75HR575K7PQKCD.ubulk" 2328
"C:/Users/keega/OneDrive/Desktop/GitHub/ChungusInteractive/SandsOfSet/Content/TestingMap1/_Generated_/DII8ZGHP7VA75HR575K7PQKCD.umap" 2329
"C:/Users/keega/OneDrive/Desktop/GitHub/ChungusInteractive/SandsOfSet/Content/TestingMap1/_Generated_/2TS7MD05S9LOUOWA24086FSAP.uexp" 2330
"C:/Users/keega/OneDrive/Desktop/GitHub/ChungusInteractive/SandsOfSet/Content/TestingMap1/_Generated_/2TS7MD05S9LOUOWA24086FSAP.ubulk" 2331
"C:/Users/keega/OneDrive/Desktop/GitHub/ChungusInteractive/SandsOfSet/Content/TestingMap1/_Generated_/2TS7MD05S9LOUOWA24086FSAP.umap" 2332
"C:/Users/keega/OneDrive/Desktop/GitHub/ChungusInteractive/SandsOfSet/Content/TestingMap1/_Generated_/B0MELSJL6DEP761ICBTHN1BDP.uexp" 2333
"C:/Users/keega/OneDrive/Desktop/GitHub/ChungusInteractive/SandsOfSet/Content/TestingMap1/_Generated_/B0MELSJL6DEP761ICBTHN1BDP.ubulk" 2334
"C:/Users/keega/OneDrive/Desktop/GitHub/ChungusInteractive/SandsOfSet/Content/TestingMap1/_Generated_/B0MELSJL6DEP761ICBTHN1BDP.umap" 2335
"C:/Users/keega/OneDrive/Desktop/GitHub/ChungusInteractive/SandsOfSet/Content/TestingMap1/_Generated_/BJ2HSAYWA8OIF93JTOXHOIFJP.uexp" 2336
"C:/Users/keega/OneDrive/Desktop/GitHub/ChungusInteractive/SandsOfSet/Content/TestingMap1/_Generated_/BJ2HSAYWA8OIF93JTOXHOIFJP.ubulk" 2337
"C:/Users/keega/OneDrive/Desktop/GitHub/ChungusInteractive/SandsOfSet/Content/TestingMap1/_Generated_/BJ2HSAYWA8OIF93JTOXHOIFJP.umap" 2338
"C:/Users/keega/OneDrive/Desktop/GitHub/ChungusInteractive/SandsOfSet/Content/TestingMap1/_Generated_/6PGNYLAKE858LA3JR64CJD79W.uexp" 2339
"C:/Users/keega/OneDrive/Desktop/GitHub/ChungusInteractive/SandsOfSet/Content/TestingMap1/_Generated_/6PGNYLAKE858LA3JR64CJD79W.ubulk" 2340
"C:/Users/keega/OneDrive/Desktop/GitHub/ChungusInteractive/SandsOfSet/Content/TestingMap1/_Generated_/6PGNYLAKE858LA3JR64CJD79W.umap" 2341
"C:/Users/keega/OneDrive/Desktop/GitHub/ChungusInteractive/SandsOfSet/Content/TestingMap1/_Generated_/AZSTBVCYP1NSCRN0COKDR96WZ.uexp" 2342
"C:/Users/keega/OneDrive/Desktop/GitHub/ChungusInteractive/SandsOfSet/Content/TestingMap1/_Generated_/AZSTBVCYP1NSCRN0COKDR96WZ.ubulk" 2343
"C:/Users/keega/OneDrive/Desktop/GitHub/ChungusInteractive/SandsOfSet/Content/TestingMap1/_Generated_/AZSTBVCYP1NSCRN0COKDR96WZ.umap" 2344
"C:/Users/keega/OneDrive/Desktop/GitHub/ChungusInteractive/SandsOfSet/Content/TestingMap1/_Generated_/89BQZB2K8Y7OVE4E1GJZLMGQO.uexp" 2345
"C:/Users/keega/OneDrive/Desktop/GitHub/ChungusInteractive/SandsOfSet/Content/TestingMap1/_Generated_/89BQZB2K8Y7OVE4E1GJZLMGQO.ubulk" 2346
"C:/Users/keega/OneDrive/Desktop/GitHub/ChungusInteractive/SandsOfSet/Content/TestingMap1/_Generated_/89BQZB2K8Y7OVE4E1GJZLMGQO.umap" 2347
"C:/Users/keega/OneDrive/Desktop/GitHub/ChungusInteractive/SandsOfSet/Content/TestingMap1/_Generated_/AALH4T6NINUF1BE07B2PC4A2Q.uexp" 2348
"C:/Users/keega/OneDrive/Desktop/GitHub/ChungusInteractive/SandsOfSet/Content/TestingMap1/_Generated_/AALH4T6NINUF1BE07B2PC4A2Q.ubulk" 2349
"C:/Users/keega/OneDrive/Desktop/GitHub/ChungusInteractive/SandsOfSet/Content/TestingMap1/_Generated_/AALH4T6NINUF1BE07B2PC4A2Q.umap" 2350
"C:/Users/keega/OneDrive/Desktop/GitHub/ChungusInteractive/SandsOfSet/Content/TestingMap1/_Generated_/45MAVOWR1BGI0URTG4FBIKO09.uexp" 2351
"C:/Users/keega/OneDrive/Desktop/GitHub/ChungusInteractive/SandsOfSet/Content/TestingMap1/_Generated_/45MAVOWR1BGI0URTG4FBIKO09.ubulk" 2352
"C:/Users/keega/OneDrive/Desktop/GitHub/ChungusInteractive/SandsOfSet/Content/TestingMap1/_Generated_/45MAVOWR1BGI0URTG4FBIKO09.umap" 2353
"C:/Users/keega/OneDrive/Desktop/GitHub/ChungusInteractive/SandsOfSet/Content/TestingMap1/_Generated_/1QY7UBZ9GSE16DAH5IXF5C8SZ.uexp" 2354
"C:/Users/keega/OneDrive/Desktop/GitHub/ChungusInteractive/SandsOfSet/Content/TestingMap1/_Generated_/1QY7UBZ9GSE16DAH5IXF5C8SZ.ubulk" 2355
"C:/Users/keega/OneDrive/Desktop/GitHub/ChungusInteractive/SandsOfSet/Content/TestingMap1/_Generated_/1QY7UBZ9GSE16DAH5IXF5C8SZ.umap" 2356
"C:/Users/keega/OneDrive/Desktop/GitHub/ChungusInteractive/SandsOfSet/Content/TestingMap1/_Generated_/7JW3MEO9WVKV5PAVQNQV1Q0R9.uexp" 2357
"C:/Users/keega/OneDrive/Desktop/GitHub/ChungusInteractive/SandsOfSet/Content/TestingMap1/_Generated_/7JW3MEO9WVKV5PAVQNQV1Q0R9.ubulk" 2358
"C:/Users/keega/OneDrive/Desktop/GitHub/ChungusInteractive/SandsOfSet/Content/TestingMap1/_Generated_/7JW3MEO9WVKV5PAVQNQV1Q0R9.umap" 2359
"C:/Users/keega/OneDrive/Desktop/GitHub/ChungusInteractive/SandsOfSet/Content/TestingMap1/_Generated_/E719NZAM4FXIV0E9FKI5J8URD.uexp" 2360
"C:/Users/keega/OneDrive/Desktop/GitHub/ChungusInteractive/SandsOfSet/Content/TestingMap1/_Generated_/E719NZAM4FXIV0E9FKI5J8URD.ubulk" 2361
"C:/Users/keega/OneDrive/Desktop/GitHub/ChungusInteractive/SandsOfSet/Content/TestingMap1/_Generated_/E719NZAM4FXIV0E9FKI5J8URD.umap" 2362
"C:/Users/keega/OneDrive/Desktop/GitHub/ChungusInteractive/SandsOfSet/Content/TestingMap1/_Generated_/4NG4ONGD34EEMO299G2A27E1N.uexp" 2363
"C:/Users/keega/OneDrive/Desktop/GitHub/ChungusInteractive/SandsOfSet/Content/TestingMap1/_Generated_/4NG4ONGD34EEMO299G2A27E1N.ubulk" 2364
"C:/Users/keega/OneDrive/Desktop/GitHub/ChungusInteractive/SandsOfSet/Content/TestingMap1/_Generated_/4NG4ONGD34EEMO299G2A27E1N.umap" 2365
"C:/Users/keega/OneDrive/Desktop/GitHub/ChungusInteractive/SandsOfSet/Content/TestingMap1/_Generated_/E3UAMQ0S4UZ6XB2TI4K7SWP7Q.uexp" 2366
"C:/Users/keega/OneDrive/Desktop/GitHub/ChungusInteractive/SandsOfSet/Content/TestingMap1/_Generated_/E3UAMQ0S4UZ6XB2TI4K7SWP7Q.ubulk" 2367
"C:/Users/keega/OneDrive/Desktop/GitHub/ChungusInteractive/SandsOfSet/Content/TestingMap1/_Generated_/E3UAMQ0S4UZ6XB2TI4K7SWP7Q.umap" 2368
"C:/Users/keega/OneDrive/Desktop/GitHub/ChungusInteractive/SandsOfSet/Content/TestingMap1/_Generated_/DUOLW7AOSS2KV8AES4DSJY0TD.uexp" 2369
"C:/Users/keega/OneDrive/Desktop/GitHub/ChungusInteractive/SandsOfSet/Content/TestingMap1/_Generated_/DUOLW7AOSS2KV8AES4DSJY0TD.ubulk" 2370
"C:/Users/keega/OneDrive/Desktop/GitHub/ChungusInteractive/SandsOfSet/Content/TestingMap1/_Generated_/DUOLW7AOSS2KV8AES4DSJY0TD.umap" 2371
"C:/Users/keega/OneDrive/Desktop/GitHub/ChungusInteractive/SandsOfSet/Content/TestingMap1/_Generated_/65Q8GLPAHLE8DFGP7YDHTHUPC.uexp" 2372
"C:/Users/keega/OneDrive/Desktop/GitHub/ChungusInteractive/SandsOfSet/Content/TestingMap1/_Generated_/65Q8GLPAHLE8DFGP7YDHTHUPC.ubulk" 2373
"C:/Users/keega/OneDrive/Desktop/GitHub/ChungusInteractive/SandsOfSet/Content/TestingMap1/_Generated_/65Q8GLPAHLE8DFGP7YDHTHUPC.umap" 2374
"C:/Users/keega/OneDrive/Desktop/GitHub/ChungusInteractive/SandsOfSet/Content/TestingMap1/_Generated_/35QJPLYZKGTOS540LK8ZS690B.uexp" 2375
"C:/Users/keega/OneDrive/Desktop/GitHub/ChungusInteractive/SandsOfSet/Content/TestingMap1/_Generated_/35QJPLYZKGTOS540LK8ZS690B.ubulk" 2376
"C:/Users/keega/OneDrive/Desktop/GitHub/ChungusInteractive/SandsOfSet/Content/TestingMap1/_Generated_/35QJPLYZKGTOS540LK8ZS690B.umap" 2377
"C:/Users/keega/OneDrive/Desktop/GitHub/ChungusInteractive/SandsOfSet/Content/TestingMap1/_Generated_/B5K38H11BOMABRVFO19KRO9EQ.uexp" 2378
"C:/Users/keega/OneDrive/Desktop/GitHub/ChungusInteractive/SandsOfSet/Content/TestingMap1/_Generated_/B5K38H11BOMABRVFO19KRO9EQ.ubulk" 2379
"C:/Users/keega/OneDrive/Desktop/GitHub/ChungusInteractive/SandsOfSet/Content/TestingMap1/_Generated_/B5K38H11BOMABRVFO19KRO9EQ.umap" 2380
"C:/Users/keega/OneDrive/Desktop/GitHub/ChungusInteractive/SandsOfSet/Content/TestingMap1/_Generated_/7CYYAAO5NPPYZH2GCA9ND0CW2.uexp" 2381
"C:/Users/keega/OneDrive/Desktop/GitHub/ChungusInteractive/SandsOfSet/Content/TestingMap1/_Generated_/7CYYAAO5NPPYZH2GCA9ND0CW2.ubulk" 2382
"C:/Users/keega/OneDrive/Desktop/GitHub/ChungusInteractive/SandsOfSet/Content/TestingMap1/_Generated_/7CYYAAO5NPPYZH2GCA9ND0CW2.umap" 2383
"C:/Users/keega/OneDrive/Desktop/GitHub/ChungusInteractive/SandsOfSet/Content/TestingMap1/_Generated_/8PNY5X0DH6SZUXCLD4GJRAUS8.uexp" 2384
"C:/Users/keega/OneDrive/Desktop/GitHub/ChungusInteractive/SandsOfSet/Content/TestingMap1/_Generated_/8PNY5X0DH6SZUXCLD4GJRAUS8.ubulk" 2385
"C:/Users/keega/OneDrive/Desktop/GitHub/ChungusInteractive/SandsOfSet/Content/TestingMap1/_Generated_/8PNY5X0DH6SZUXCLD4GJRAUS8.umap" 2386
"C:/Users/keega/OneDrive/Desktop/GitHub/ChungusInteractive/SandsOfSet/Content/TestingMap1/_Generated_/2WS98478123C0J1IWC1SPV7UN.uexp" 2387
"C:/Users/keega/OneDrive/Desktop/GitHub/ChungusInteractive/SandsOfSet/Content/TestingMap1/_Generated_/2WS98478123C0J1IWC1SPV7UN.ubulk" 2388
"C:/Users/keega/OneDrive/Desktop/GitHub/ChungusInteractive/SandsOfSet/Content/TestingMap1/_Generated_/2WS98478123C0J1IWC1SPV7UN.umap" 2389
"C:/Users/keega/OneDrive/Desktop/GitHub/ChungusInteractive/SandsOfSet/Content/TestingMap1/_Generated_/26DCMISNUBTYSVNW2P5TYW1KL.uexp" 2390
"C:/Users/keega/OneDrive/Desktop/GitHub/ChungusInteractive/SandsOfSet/Content/TestingMap1/_Generated_/26DCMISNUBTYSVNW2P5TYW1KL.ubulk" 2391
"C:/Users/keega/OneDrive/Desktop/GitHub/ChungusInteractive/SandsOfSet/Content/TestingMap1/_Generated_/26DCMISNUBTYSVNW2P5TYW1KL.umap" 2392
"C:/Users/keega/OneDrive/Desktop/GitHub/ChungusInteractive/SandsOfSet/Content/TestingMap1/_Generated_/7V42ALKLOEPQAHHI255S901QM.uexp" 2393
"C:/Users/keega/OneDrive/Desktop/GitHub/ChungusInteractive/SandsOfSet/Content/TestingMap1/_Generated_/7V42ALKLOEPQAHHI255S901QM.ubulk" 2394
"C:/Users/keega/OneDrive/Desktop/GitHub/ChungusInteractive/SandsOfSet/Content/TestingMap1/_Generated_/7V42ALKLOEPQAHHI255S901QM.umap" 2395
"C:/Users/keega/OneDrive/Desktop/GitHub/ChungusInteractive/SandsOfSet/Content/TestingMap1/_Generated_/EWU683H83XKPI18AKJAOGM8ZK.uexp" 2396
"C:/Users/keega/OneDrive/Desktop/GitHub/ChungusInteractive/SandsOfSet/Content/TestingMap1/_Generated_/EWU683H83XKPI18AKJAOGM8ZK.ubulk" 2397
"C:/Users/keega/OneDrive/Desktop/GitHub/ChungusInteractive/SandsOfSet/Content/TestingMap1/_Generated_/EWU683H83XKPI18AKJAOGM8ZK.umap" 2398
"C:/Users/keega/OneDrive/Desktop/GitHub/ChungusInteractive/SandsOfSet/Content/TestingMap1/_Generated_/8VC12AOEQK84Q4VBME9MZ1V6H.uexp" 2399
"C:/Users/keega/OneDrive/Desktop/GitHub/ChungusInteractive/SandsOfSet/Content/TestingMap1/_Generated_/8VC12AOEQK84Q4VBME9MZ1V6H.ubulk" 2400
"C:/Users/keega/OneDrive/Desktop/GitHub/ChungusInteractive/SandsOfSet/Content/TestingMap1/_Generated_/8VC12AOEQK84Q4VBME9MZ1V6H.umap" 2401
"C:/Users/keega/OneDrive/Desktop/GitHub/ChungusInteractive/SandsOfSet/Content/TestingMap1/_Generated_/0MHEXC75USBHVAGPTOMLLHDOO.uexp" 2402
"C:/Users/keega/OneDrive/Desktop/GitHub/ChungusInteractive/SandsOfSet/Content/TestingMap1/_Generated_/0MHEXC75USBHVAGPTOMLLHDOO.ubulk" 2403
"C:/Users/keega/OneDrive/Desktop/GitHub/ChungusInteractive/SandsOfSet/Content/TestingMap1/_Generated_/0MHEXC75USBHVAGPTOMLLHDOO.umap" 2404
"C:/Users/keega/OneDrive/Desktop/GitHub/ChungusInteractive/SandsOfSet/Content/TestingMap1/_Generated_/4YXQVGN917B16XH6WZGU2XFC5.uexp" 2405
"C:/Users/keega/OneDrive/Desktop/GitHub/ChungusInteractive/SandsOfSet/Content/TestingMap1/_Generated_/4YXQVGN917B16XH6WZGU2XFC5.ubulk" 2406
"C:/Users/keega/OneDrive/Desktop/GitHub/ChungusInteractive/SandsOfSet/Content/TestingMap1/_Generated_/4YXQVGN917B16XH6WZGU2XFC5.umap" 2407
"C:/Users/keega/OneDrive/Desktop/GitHub/ChungusInteractive/SandsOfSet/Content/TestingMap1/_Generated_/6ZXUQD7RONZA6D356N47V3YQH.uexp" 2408
"C:/Users/keega/OneDrive/Desktop/GitHub/ChungusInteractive/SandsOfSet/Content/TestingMap1/_Generated_/6ZXUQD7RONZA6D356N47V3YQH.ubulk" 2409
"C:/Users/keega/OneDrive/Desktop/GitHub/ChungusInteractive/SandsOfSet/Content/TestingMap1/_Generated_/6ZXUQD7RONZA6D356N47V3YQH.umap" 2410
"C:/Users/keega/OneDrive/Desktop/GitHub/ChungusInteractive/SandsOfSet/Content/TestingMap1/_Generated_/4JTRK37LLN1DMQGCEM3J66GMK.uexp" 2411
"C:/Users/keega/OneDrive/Desktop/GitHub/ChungusInteractive/SandsOfSet/Content/TestingMap1/_Generated_/4JTRK37LLN1DMQGCEM3J66GMK.ubulk" 2412
"C:/Users/keega/OneDrive/Desktop/GitHub/ChungusInteractive/SandsOfSet/Content/TestingMap1/_Generated_/4JTRK37LLN1DMQGCEM3J66GMK.umap" 2413
"C:/Users/keega/OneDrive/Desktop/GitHub/ChungusInteractive/SandsOfSet/Content/TestingMap1/_Generated_/6AYJK9R7T8UWFJ3DNFQ7VRO4A.uexp" 2414
"C:/Users/keega/OneDrive/Desktop/GitHub/ChungusInteractive/SandsOfSet/Content/TestingMap1/_Generated_/6AYJK9R7T8UWFJ3DNFQ7VRO4A.ubulk" 2415
"C:/Users/keega/OneDrive/Desktop/GitHub/ChungusInteractive/SandsOfSet/Content/TestingMap1/_Generated_/6AYJK9R7T8UWFJ3DNFQ7VRO4A.umap" 2416
"C:/Users/keega/OneDrive/Desktop/GitHub/ChungusInteractive/SandsOfSet/Content/TestingMap1/_Generated_/AVVS5I77XI9RGVDHMP8S6SPD2.uexp" 2417
"C:/Users/keega/OneDrive/Desktop/GitHub/ChungusInteractive/SandsOfSet/Content/TestingMap1/_Generated_/AVVS5I77XI9RGVDHMP8S6SPD2.ubulk" 2418
"C:/Users/keega/OneDrive/Desktop/GitHub/ChungusInteractive/SandsOfSet/Content/TestingMap1/_Generated_/AVVS5I77XI9RGVDHMP8S6SPD2.umap" 2419
"C:/Users/keega/OneDrive/Desktop/GitHub/ChungusInteractive/SandsOfSet/Content/TestingMap1/_Generated_/32N0ISHXN9K7Z00S38EKW4F69.uexp" 2420
"C:/Users/keega/OneDrive/Desktop/GitHub/ChungusInteractive/SandsOfSet/Content/TestingMap1/_Generated_/32N0ISHXN9K7Z00S38EKW4F69.ubulk" 2421
"C:/Users/keega/OneDrive/Desktop/GitHub/ChungusInteractive/SandsOfSet/Content/TestingMap1/_Generated_/32N0ISHXN9K7Z00S38EKW4F69.umap" 2422
"C:/Users/keega/OneDrive/Desktop/GitHub/ChungusInteractive/SandsOfSet/Content/TestingMap1/_Generated_/8G04LF4FC7DVUFKF0A0OZYMXV.uexp" 2423
"C:/Users/keega/OneDrive/Desktop/GitHub/ChungusInteractive/SandsOfSet/Content/TestingMap1/_Generated_/8G04LF4FC7DVUFKF0A0OZYMXV.ubulk" 2424
"C:/Users/keega/OneDrive/Desktop/GitHub/ChungusInteractive/SandsOfSet/Content/TestingMap1/_Generated_/8G04LF4FC7DVUFKF0A0OZYMXV.umap" 2425
"C:/Users/keega/OneDrive/Desktop/GitHub/ChungusInteractive/SandsOfSet/Content/TestingMap1/_Generated_/DLU3VA8DW8U6IBC7FBSGDK7OH.uexp" 2426
"C:/Users/keega/OneDrive/Desktop/GitHub/ChungusInteractive/SandsOfSet/Content/TestingMap1/_Generated_/DLU3VA8DW8U6IBC7FBSGDK7OH.ubulk" 2427
"C:/Users/keega/OneDrive/Desktop/GitHub/ChungusInteractive/SandsOfSet/Content/TestingMap1/_Generated_/DLU3VA8DW8U6IBC7FBSGDK7OH.umap" 2428
"C:/Users/keega/OneDrive/Desktop/GitHub/ChungusInteractive/SandsOfSet/Content/TestingMap1/_Generated_/DJWI98S9AOM3LRGFNFLALHHSO.uexp" 2429
"C:/Users/keega/OneDrive/Desktop/GitHub/ChungusInteractive/SandsOfSet/Content/TestingMap1/_Generated_/DJWI98S9AOM3LRGFNFLALHHSO.ubulk" 2430
"C:/Users/keega/OneDrive/Desktop/GitHub/ChungusInteractive/SandsOfSet/Content/TestingMap1/_Generated_/DJWI98S9AOM3LRGFNFLALHHSO.umap" 2431
"C:/Users/keega/OneDrive/Desktop/GitHub/ChungusInteractive/SandsOfSet/Content/TestingMap1/_Generated_/364C702PSYM2LGVQ091ZCSI01.uexp" 2432
"C:/Users/keega/OneDrive/Desktop/GitHub/ChungusInteractive/SandsOfSet/Content/TestingMap1/_Generated_/364C702PSYM2LGVQ091ZCSI01.ubulk" 2433
"C:/Users/keega/OneDrive/Desktop/GitHub/ChungusInteractive/SandsOfSet/Content/TestingMap1/_Generated_/364C702PSYM2LGVQ091ZCSI01.umap" 2434
"C:/Users/keega/OneDrive/Desktop/GitHub/ChungusInteractive/SandsOfSet/Content/TestingMap1/_Generated_/9I8BX9I6ROP0T1KWZ22PWZ151.uexp" 2435
"C:/Users/keega/OneDrive/Desktop/GitHub/ChungusInteractive/SandsOfSet/Content/TestingMap1/_Generated_/9I8BX9I6ROP0T1KWZ22PWZ151.ubulk" 2436
"C:/Users/keega/OneDrive/Desktop/GitHub/ChungusInteractive/SandsOfSet/Content/TestingMap1/_Generated_/9I8BX9I6ROP0T1KWZ22PWZ151.umap" 2437
"C:/Users/keega/OneDrive/Desktop/GitHub/ChungusInteractive/SandsOfSet/Content/TestingMap1/_Generated_/C0TZL0EHIWIOSOS6VHAXHMUVP.uexp" 2438
"C:/Users/keega/OneDrive/Desktop/GitHub/ChungusInteractive/SandsOfSet/Content/TestingMap1/_Generated_/C0TZL0EHIWIOSOS6VHAXHMUVP.ubulk" 2439
"C:/Users/keega/OneDrive/Desktop/GitHub/ChungusInteractive/SandsOfSet/Content/TestingMap1/_Generated_/C0TZL0EHIWIOSOS6VHAXHMUVP.umap" 2440
"C:/Users/keega/OneDrive/Desktop/GitHub/ChungusInteractive/SandsOfSet/Content/TestingMap1/_Generated_/9W36847LP3CDHH0CXQOLK7E62.uexp" 2441
"C:/Users/keega/OneDrive/Desktop/GitHub/ChungusInteractive/SandsOfSet/Content/TestingMap1/_Generated_/9W36847LP3CDHH0CXQOLK7E62.ubulk" 2442
"C:/Users/keega/OneDrive/Desktop/GitHub/ChungusInteractive/SandsOfSet/Content/TestingMap1/_Generated_/9W36847LP3CDHH0CXQOLK7E62.umap" 2443
"C:/Users/keega/OneDrive/Desktop/GitHub/ChungusInteractive/SandsOfSet/Content/TestingMap1/_Generated_/6APNWIH4LFBGZX9K1T10191LS.uexp" 2444
"C:/Users/keega/OneDrive/Desktop/GitHub/ChungusInteractive/SandsOfSet/Content/TestingMap1/_Generated_/6APNWIH4LFBGZX9K1T10191LS.ubulk" 2445
"C:/Users/keega/OneDrive/Desktop/GitHub/ChungusInteractive/SandsOfSet/Content/TestingMap1/_Generated_/6APNWIH4LFBGZX9K1T10191LS.umap" 2446
"C:/Users/keega/OneDrive/Desktop/GitHub/ChungusInteractive/SandsOfSet/Content/TestingMap1/_Generated_/DW57U6A1PISXPT9TG7I2TXMXY.uexp" 2447
"C:/Users/keega/OneDrive/Desktop/GitHub/ChungusInteractive/SandsOfSet/Content/TestingMap1/_Generated_/DW57U6A1PISXPT9TG7I2TXMXY.ubulk" 2448
"C:/Users/keega/OneDrive/Desktop/GitHub/ChungusInteractive/SandsOfSet/Content/TestingMap1/_Generated_/DW57U6A1PISXPT9TG7I2TXMXY.umap" 2449
"C:/Users/keega/OneDrive/Desktop/GitHub/ChungusInteractive/SandsOfSet/Content/TestingMap1/_Generated_/DVPPZ492J08K422EWIJZSEZ5V.uexp" 2450
"C:/Users/keega/OneDrive/Desktop/GitHub/ChungusInteractive/SandsOfSet/Content/TestingMap1/_Generated_/DVPPZ492J08K422EWIJZSEZ5V.ubulk" 2451
"C:/Users/keega/OneDrive/Desktop/GitHub/ChungusInteractive/SandsOfSet/Content/TestingMap1/_Generated_/DVPPZ492J08K422EWIJZSEZ5V.umap" 2452
"C:/Users/keega/OneDrive/Desktop/GitHub/ChungusInteractive/SandsOfSet/Content/TestingMap1/_Generated_/8XV82CHSO0SO9R27Q1H8LKY1Y.uexp" 2453
"C:/Users/keega/OneDrive/Desktop/GitHub/ChungusInteractive/SandsOfSet/Content/TestingMap1/_Generated_/8XV82CHSO0SO9R27Q1H8LKY1Y.ubulk" 2454
"C:/Users/keega/OneDrive/Desktop/GitHub/ChungusInteractive/SandsOfSet/Content/TestingMap1/_Generated_/8XV82CHSO0SO9R27Q1H8LKY1Y.umap" 2455
"C:/Users/keega/OneDrive/Desktop/GitHub/ChungusInteractive/SandsOfSet/Content/TestingMap1/_Generated_/AUQRCTNMO53LWNELXBO7YHAOY.uexp" 2456
"C:/Users/keega/OneDrive/Desktop/GitHub/ChungusInteractive/SandsOfSet/Content/TestingMap1/_Generated_/AUQRCTNMO53LWNELXBO7YHAOY.ubulk" 2457
"C:/Users/keega/OneDrive/Desktop/GitHub/ChungusInteractive/SandsOfSet/Content/TestingMap1/_Generated_/AUQRCTNMO53LWNELXBO7YHAOY.umap" 2458
"C:/Users/keega/OneDrive/Desktop/GitHub/ChungusInteractive/SandsOfSet/Content/TestingMap1/_Generated_/C76S8LFVTNOIRMHCWNXPYKWR3.uexp" 2459
"C:/Users/keega/OneDrive/Desktop/GitHub/ChungusInteractive/SandsOfSet/Content/TestingMap1/_Generated_/C76S8LFVTNOIRMHCWNXPYKWR3.ubulk" 2460
"C:/Users/keega/OneDrive/Desktop/GitHub/ChungusInteractive/SandsOfSet/Content/TestingMap1/_Generated_/C76S8LFVTNOIRMHCWNXPYKWR3.umap" 2461
"C:/Users/keega/OneDrive/Desktop/GitHub/ChungusInteractive/SandsOfSet/Content/TestingMap1/_Generated_/8M9FNY43PEN5IHS4MQYBITO69.uexp" 2462
"C:/Users/keega/OneDrive/Desktop/GitHub/ChungusInteractive/SandsOfSet/Content/TestingMap1/_Generated_/8M9FNY43PEN5IHS4MQYBITO69.ubulk" 2463
"C:/Users/keega/OneDrive/Desktop/GitHub/ChungusInteractive/SandsOfSet/Content/TestingMap1/_Generated_/8M9FNY43PEN5IHS4MQYBITO69.umap" 2464
"C:/Users/keega/OneDrive/Desktop/GitHub/ChungusInteractive/SandsOfSet/Content/TestingMap1/_Generated_/6HFJBGHFZ4XSJK4AX713K2K5E.uexp" 2465
"C:/Users/keega/OneDrive/Desktop/GitHub/ChungusInteractive/SandsOfSet/Content/TestingMap1/_Generated_/6HFJBGHFZ4XSJK4AX713K2K5E.ubulk" 2466
"C:/Users/keega/OneDrive/Desktop/GitHub/ChungusInteractive/SandsOfSet/Content/TestingMap1/_Generated_/6HFJBGHFZ4XSJK4AX713K2K5E.umap" 2467
"C:/Users/keega/OneDrive/Desktop/GitHub/ChungusInteractive/SandsOfSet/Content/TestingMap1/_Generated_/8VPGHO6SG4PLVSWPNDHSIVKID.uexp" 2468
"C:/Users/keega/OneDrive/Desktop/GitHub/ChungusInteractive/SandsOfSet/Content/TestingMap1/_Generated_/8VPGHO6SG4PLVSWPNDHSIVKID.ubulk" 2469
"C:/Users/keega/OneDrive/Desktop/GitHub/ChungusInteractive/SandsOfSet/Content/TestingMap1/_Generated_/8VPGHO6SG4PLVSWPNDHSIVKID.umap" 2470
"C:/Users/keega/OneDrive/Desktop/GitHub/ChungusInteractive/SandsOfSet/Content/TestingMap1/_Generated_/4VMOSEUJ7RGHPFCHMDXUFT7DE.uexp" 2471
"C:/Users/keega/OneDrive/Desktop/GitHub/ChungusInteractive/SandsOfSet/Content/TestingMap1/_Generated_/4VMOSEUJ7RGHPFCHMDXUFT7DE.ubulk" 2472
"C:/Users/keega/OneDrive/Desktop/GitHub/ChungusInteractive/SandsOfSet/Content/TestingMap1/_Generated_/4VMOSEUJ7RGHPFCHMDXUFT7DE.umap" 2473
"C:/Users/keega/OneDrive/Desktop/GitHub/ChungusInteractive/SandsOfSet/Content/TestingMap1/_Generated_/5YMGWZ1VVQ3HYRQ3XQ9LE1QTQ.uexp" 2474
"C:/Users/keega/OneDrive/Desktop/GitHub/ChungusInteractive/SandsOfSet/Content/TestingMap1/_Generated_/5YMGWZ1VVQ3HYRQ3XQ9LE1QTQ.ubulk" 2475
"C:/Users/keega/OneDrive/Desktop/GitHub/ChungusInteractive/SandsOfSet/Content/TestingMap1/_Generated_/5YMGWZ1VVQ3HYRQ3XQ9LE1QTQ.umap" 2476
"C:/Users/keega/OneDrive/Desktop/GitHub/ChungusInteractive/SandsOfSet/Content/TestingMap1/_Generated_/9C41IEPVW11O7SNXRVUJ69MWN.uexp" 2477
"C:/Users/keega/OneDrive/Desktop/GitHub/ChungusInteractive/SandsOfSet/Content/TestingMap1/_Generated_/9C41IEPVW11O7SNXRVUJ69MWN.ubulk" 2478
"C:/Users/keega/OneDrive/Desktop/GitHub/ChungusInteractive/SandsOfSet/Content/TestingMap1/_Generated_/9C41IEPVW11O7SNXRVUJ69MWN.umap" 2479
"C:/Users/keega/OneDrive/Desktop/GitHub/ChungusInteractive/SandsOfSet/Content/TestingMap1/_Generated_/AM6Y10YO2UBBT0ZJHTX0OPEFW.uexp" 2480
"C:/Users/keega/OneDrive/Desktop/GitHub/ChungusInteractive/SandsOfSet/Content/TestingMap1/_Generated_/AM6Y10YO2UBBT0ZJHTX0OPEFW.ubulk" 2481
"C:/Users/keega/OneDrive/Desktop/GitHub/ChungusInteractive/SandsOfSet/Content/TestingMap1/_Generated_/AM6Y10YO2UBBT0ZJHTX0OPEFW.umap" 2482
"C:/Users/keega/OneDrive/Desktop/GitHub/ChungusInteractive/SandsOfSet/Content/TestingMap1/_Generated_/8AZ0L1TBL3JAWSQX5JHCDDR3T.uexp" 2483
"C:/Users/keega/OneDrive/Desktop/GitHub/ChungusInteractive/SandsOfSet/Content/TestingMap1/_Generated_/8AZ0L1TBL3JAWSQX5JHCDDR3T.ubulk" 2484
"C:/Users/keega/OneDrive/Desktop/GitHub/ChungusInteractive/SandsOfSet/Content/TestingMap1/_Generated_/8AZ0L1TBL3JAWSQX5JHCDDR3T.umap" 2485
"C:/Users/keega/OneDrive/Desktop/GitHub/ChungusInteractive/SandsOfSet/Content/TestingMap1/_Generated_/7DR16B2GM635FM0N6IOFN82G9.uexp" 2486
"C:/Users/keega/OneDrive/Desktop/GitHub/ChungusInteractive/SandsOfSet/Content/TestingMap1/_Generated_/7DR16B2GM635FM0N6IOFN82G9.ubulk" 2487
"C:/Users/keega/OneDrive/Desktop/GitHub/ChungusInteractive/SandsOfSet/Content/TestingMap1/_Generated_/7DR16B2GM635FM0N6IOFN82G9.umap" 2488
"C:/Users/keega/OneDrive/Desktop/GitHub/ChungusInteractive/SandsOfSet/Content/TestingMap1/_Generated_/15DDUW0CMO54QH0VP7MHA6RTL.uexp" 2489
"C:/Users/keega/OneDrive/Desktop/GitHub/ChungusInteractive/SandsOfSet/Content/TestingMap1/_Generated_/15DDUW0CMO54QH0VP7MHA6RTL.ubulk" 2490
"C:/Users/keega/OneDrive/Desktop/GitHub/ChungusInteractive/SandsOfSet/Content/TestingMap1/_Generated_/15DDUW0CMO54QH0VP7MHA6RTL.umap" 2491
"C:/Users/keega/OneDrive/Desktop/GitHub/ChungusInteractive/SandsOfSet/Content/TestingMap1/_Generated_/DD3BIEEHYBWDZ4RXRSN4N6F25.uexp" 2492
"C:/Users/keega/OneDrive/Desktop/GitHub/ChungusInteractive/SandsOfSet/Content/TestingMap1/_Generated_/DD3BIEEHYBWDZ4RXRSN4N6F25.ubulk" 2493
"C:/Users/keega/OneDrive/Desktop/GitHub/ChungusInteractive/SandsOfSet/Content/TestingMap1/_Generated_/DD3BIEEHYBWDZ4RXRSN4N6F25.umap" 2494
"C:/Users/keega/OneDrive/Desktop/GitHub/ChungusInteractive/SandsOfSet/Content/TestingMap1/_Generated_/CHSTWXJ3ADMHXAJY2HH3AXB96.uexp" 2495
"C:/Users/keega/OneDrive/Desktop/GitHub/ChungusInteractive/SandsOfSet/Content/TestingMap1/_Generated_/CHSTWXJ3ADMHXAJY2HH3AXB96.ubulk" 2496
"C:/Users/keega/OneDrive/Desktop/GitHub/ChungusInteractive/SandsOfSet/Content/TestingMap1/_Generated_/CHSTWXJ3ADMHXAJY2HH3AXB96.umap" 2497
"C:/Users/keega/OneDrive/Desktop/GitHub/ChungusInteractive/SandsOfSet/Content/TestingMap1/_Generated_/F2E19CUJXWY9GQU9Y3MHNE8T8.uexp" 2498
"C:/Users/keega/OneDrive/Desktop/GitHub/ChungusInteractive/SandsOfSet/Content/TestingMap1/_Generated_/F2E19CUJXWY9GQU9Y3MHNE8T8.ubulk" 2499
"C:/Users/keega/OneDrive/Desktop/GitHub/ChungusInteractive/SandsOfSet/Content/TestingMap1/_Generated_/F2E19CUJXWY9GQU9Y3MHNE8T8.umap" 2500
"C:/Users/keega/OneDrive/Desktop/GitHub/ChungusInteractive/SandsOfSet/Content/TestingMap1/_Generated_/1C7TX8I0HHWVZ6FUBXANKPG6T.uexp" 2501
"C:/Users/keega/OneDrive/Desktop/GitHub/ChungusInteractive/SandsOfSet/Content/TestingMap1/_Generated_/1C7TX8I0HHWVZ6FUBXANKPG6T.ubulk" 2502
"C:/Users/keega/OneDrive/Desktop/GitHub/ChungusInteractive/SandsOfSet/Content/TestingMap1/_Generated_/1C7TX8I0HHWVZ6FUBXANKPG6T.umap" 2503
